shi	是时市事实十使石世师式史始士示势施失视食识试似适室诗释尸侍湿氏饰拾狮驶蚀誓逝鍦仕矢匙兘嗜恃屎柿噬拭谥煶虱鲥轼叓忕舐弑浉師|
yi	一以已意义议易医依艺亿益衣宜异遗移伊疑仪役亦译翼乙夷忆抑椅槸疫毅谊逸矣姨怡倚溢驿裔翊蚁彝揖邑奕懿颐翌咦胰诣贻绎庡佚沂轶鎰|
ji	机级及己基计几济技记集即际积极纪击急继辑激既季吉迹剂鸡绩疾祭忌籍寄脊肌挤稷寂饥冀戟圾妓稽棘矶藉缉羁畸嫉讥姬嗘犱暨蓟鍓汲箕|
zhi	之只制治知直至指职质值支织志置致止执植智纸殖址旨枝脂秩掷肢汁侄芝滞帜芷趾酯稚嗭峙庢吱挚窒劧炙戠蜘郅咫雉蛭庤痔織痣栉帙祗娡|
li	里理力立利历李离例礼丽黎隶厉粒励吏厘璃哩梨栗犁莉蠡鲤娌漓澧狸砾欐沥裏栎篱荔雳锂醴俐笠痢砺戾俚莅俪蟸曞藜骊瓑詈逦蛎缡傈隷嚦|
bu	不部布步补捕怖哺簿埠餢庯卟钚埗逋瓿醭晡鸔柨鈈餔蔀吥踄悑補歩鵏佈勏咘喸峬廍抪捗歨篰荹誧轐郶鈽钸鳪鿻|附堡薄卜埔溥撲婄拊鞴尃箁
guo	国过果郭锅裹堝椁鍋猓虢瘑帼濄彉埚啯蝈崞彍呙惈腘幗菓蜾國馘過馃槨墎淉嘓咼鈛囯囶囻圀慖漍粿綶聝膕蔮蟈褁輠錁鐹餜|活划涡唬聒摑櫎
zhong	中种重众终钟忠肿仲衷偅冢踵锺盅柊鐘伀彸尰煄瘇舯汷螽塚幒鍾腫衆穜蹱銿刣喠堹塜妐妕媑歱泈炂狆眾祌種筗籦終茽蔠蚛螤衳衶諥鈡鴤鼨|
wei	为位委未维围卫味微威危韦谓尾唯伟魏违慰纬胃伪惟尉畏喂鍏苇巍薇鮠渭煨萎闈帷蔚玮桅偎娓圩猬峞潍叞诿猥痿闱韪為逶爲浘炜亹嵬撱暐|
ren	人任认紝忍仁刃岃韧妊仞壬饪忎纫稔衽屻荏轫姙梕刄棯亻葚魜秹忈絍飪朲仭扨杒栠栣牣祍秂紉綛纴肕腍芢荵袵訒認讱躵軔鈓銋靭靱韌餁鵀|
zi	子自资字紫姊滋咨姿兹缁梓秭孜籽呰淄渍孳恣辎龇姉赀滓笫眦髭谘牸吇栥锱鲻镃崰嵫粢鍿訾觜鎡剚齍資嗞胾芓趑禌啙椔玆胔眥乲倳姕孶杍|
qi	其起期气器企七奇齐旗汽骑妻启弃棋岂欺漆契栖戚鳍琦歧砌蕲乞凄泣绮祁祈迄祺杞氣圻锜琪耆崎淇葺麒忔蹊愭憩俟呮讫岐脐簯沏碛芪旂掑|
jian	建间见件检监剑简坚减渐健兼舰尖箭键肩践鉴奸艰荐僭碱剪簡煎歼贱谏蹇柬捡俭鐗溅拣熸鑳涧笺茧锏椾栫劍缄鞯饯睑鐧硷謇犍腱翦楗冿蔪|
ge	个各革格哥歌阁隔割葛戈搁胳鸽鎶咯铬骼疙滆圪仡犵牱鞈镉虼嗝硌纥膈彁搿敋鬲舸哿箇袼肐個閤槅鉻挌閣蛒愅獦佮鴐匌呄嗰塥戓戨擱櫊滒|
you	有又由游右优油友尤幼忧犹邮幽悠诱哊佑铀攸祐釉鱿斿酉黝猷宥柚湵疣鼬蚴呦囿卣莠蚰侑亴狖牖莸櫌蝣莜鲉尢羑遊姷鮋铕偤瀀槱滺耰輶怣|
gong	工公共功宫供攻贡拱恭弓巩躬汞龚蚣觥厷肱珙愩龔栱宮杛廾塨幊拲鞏匑匔唝慐熕碽糼羾莻觵貢躳輁髸龏|红虹杠磺咣蛩魟釭紅硔銾嗊渱疘礦
da	大打达答搭鞑瘩沓嗒靼哒耷褡亣剳怛垯跶笪羍鎝妲炟鎉笚阘眔呾墶躂達荙匒咑噠撘汏燵畗畣繨荅薘蟽詚迏迖迚逹鐽韃龖龘|塔胆塌迭疸搨憚
di	地第帝低底弟敌抵递滴堤迪棣蒂缔笛狄砥邸涤嫡谛嘀氐荻翟娣诋牴骶籴柢碲磾羝珶樀掋镝觌埞隄睇詆鞮慸蔕趆梑豴釱啲弤俤墑嶳觝仾墬偙|
xing	行性形型兴星姓刑幸醒杏腥邢惺猩侀铏皨荥悻硎陉擤倖钘垶荇煋骍瑆謃娙篂興騂哘婞嬹曐洐涬滎睲箵緈臖莕蛵裄觪觲郉鈃鉶銒鋞陘鮏鯹鿿|
cheng	成城称程承乘呈诚惩撑丞澄橙逞秤铖絾骋晟悜瞠鐣畻蛏娍稱棦乗柽琤澂偁泟珵牚鏿塖挰裎徎朾宬埕塍枨峸僜郕棖酲珹赪赬罉侱堘庱憆憕懲|
sheng	生省声胜升盛圣剩牲绳笙甥鍟剰昇嵊枡晠偗墭焺眚鼪陞曻湦橳泩勝呏憴斘栍榺殅渻狌珄琞竔縄繩聖聲苼蕂譝貹賸鉎阩陹鵿|姓乘丞甸垩晟娍
yuan	员院原元源远园愿袁圆缘援怨垸冤渊苑垣猿沅鸳辕箢媛棩杬囦塬緣鼋瑗爰掾螈衏鎱鸢媴惌橼嫄笎厡肙渆眢鳶園禐寃湲蜎獂員薗妴悁鹓圓榬|
wu	无物武务五吴午屋舞误乌伍污吾雾悟屼兀呜勿侮巫芜晤诬坞梧毋捂戊钨蜈庑唔嗚邬鹉洿洖妩潕婺忤寤鋈鹜骛焐汙祦呒杌伆浯仵鼯芴珷螐譕|
yu	于与育鱼语余域玉预遇雨御予欲誉宇渔愈羽豫狱郁舆裕瑜俞愚娱喻寓浴谕屿愉渝淤隅禹逾虞芋欎榆禺嬩毓楀迂於峪驭鐭鍝瘀彧湡盂谀钰繘|
zhe	这着者折哲浙遮蔗鹧褶辙辄摺悊蛰锗谪粍赭蜇柘嗻潪晢磔晣喆啫埑這淛詟鷓乽厇啠嚞嫬樜歽矺砓禇籷虴蟄蟅袩襵謫謺讁讋輒輙轍銸鍺馲鮿|
jing	经京精境景竟惊荆静警径竞睛敬镜晶井净靖颈茎鲸阱踁旌兢泾痉迳粳憬胫腈靓菁淨倞儆璟婧肼梷橸浄獍亰宑弳穽竫蟼凈徑刭競經鼱坙暻猄|
dao	到道导倒岛刀盗稻蹈捣瓙悼祷叨焘刂槝纛氘艔朷燾擣禂鱽捯噵導島椡壔嶋嶌嶹忉搗檤盜禱稲箌翢翿舠菿衜衟軇釖陦隝隯魛|受陶敦洮忑惆佻
xian	现先县线显限鲜险献仙宪陷闲贤咸纤弦腺衔嫌掀羡娴酰涎臽舷藓馅崄岘痫暹線锨苋珗閑霰祆蚬籼氙跣冼跹粯鹇絃燹薟纎挦灦睍鍌繊娊筅獫|
jia	家加价架假甲嘉佳驾夹贾嫁颊钾鎵迦稼茄珈枷戞浃戛袈荚岬袷镓郏胛痂葭笳叚婽蛱跏頬斝瘕幏铗價傢埉駕忦槚泇夾梜乫唊圿徦恝扴抸拁斚|
jin	进金今近尽仅紧禁津斤劲晋锦筋谨巾浸襟紟瑾矜缙枃觐妗煡烬濅噤馑槿荩堇靳嫤衿溍琎殣伒珒钅卺黅廑觔寖矝赆嬧巹兓嶜饉侭唫埐墐搢璡|
fa	发法罚乏伐阀筏彂砝珐垡笩鍅姂琺栰發閥髮佱傠橃沷浌灋疺発瞂罰罸茷蕟藅醱髪|拔泛汎撥貶酦
xi	西系息席习细喜希吸戏析洗袭稀悉惜锡熙溪浠禧媳夕牺隙昔膝鎴晰羲烯嘻徙細玺熄犀兮熹嬉熺鑴螅奚檄铣汐熻蜥曦闟呬蟋墍忚硒潟唏饩淅|
xiang	相想向像象项响乡香襄享祥湘详箱巷厢翔橡镶饷亯鑲缃飨嚮骧芗庠緗勨瓖瓨項衖鲞郷姠蚃珦葙楿廂鮝佭啌塂嶑忀晑曏栙欀稥絴缿膷萫薌蟓|
chu	出处除初楚础触储畜厨岀傗矗褚橱躇雏锄滀杵黜绌搐刍怵蜍亍櫉濋滁敊蹰憷樗俶耡楮儲鄐趎儊媰歜柷廚櫥齣処鉏琡嘼埱絀蒢蒭閦幮拀摴斶|
men	们门闷焖懑扪悶門們钔椚璊懣捫暪燜玧菛虋鍆閅|汶悗亹鞔惛滿呇怋殙瞞穈
zheng	政正争整证征症郑蒸挣睁怔铮筝拯狰徵诤峥氶抍爭钲烝癥姃證徰箏眐睜媜佂凧埩塣崝崢幀徴愸掙掟揁撜晸炡猙篜糽聇証諍踭鄭鉦錚鬇鯖鴊|
jie	解结接界节阶街介届借姐截皆戒杰揭捷洁劫竭芥诫睫嗟秸羯颉桀蚧拮婕碣孑節滐玠讦骱疥疖畍絜湝檞尐痎倢喈偼屆劼結堺鲒刼岕悈楐榤傑|
zhu	主住注助著筑朱逐诸驻竹珠柱祝猪铸株烛煮嘱贮诛蛛瞩竺渚紵拄铢侏櫧蛀笁炷苎伫箸劯茱钃杼潴翥劚砫洙丶舳邾硃陼纻槠躅孎軴麈墸眝蠋|
hui	会回挥汇灰毁恢绘辉惠徽慧悔贿讳晖诲晦烩秽卉蛔麾洄櫘彗喙诙荟濊恚睳闠煇珲蕙囬鐬茴哕隳咴虺缋蟪彙翚浍洃迴拻會瞺恵僡孈毀篲袆噕|
fu	府复夫服副富负父福妇附佛付幅伏符腹浮腐辅抚扶赴赋傅覆俘肤咐辐芙弗甫俯缚拂斧鍑釜敷腑袱阜氟孵驸俌蝠孚茯冨苻粰涪鍢匐黼绋呋绂|
tong	同通统痛童铜筒桐桶酮潼勭捅庝佟瞳彤僮粡恸炵嗵樋鲖眮仝橦茼獞砼秱衕筩峝朣峂痌統哃囲慟憅晍曈氃浵烔燑犝狪綂膧蓪蚒詷赨鉖鉵銅餇|
fang	方放防房访纺仿芳坊妨肪鲂枋舫昉紡匚钫埅邡牥倣汸堏旊昘淓瓬眆蚄訪趽鈁錺髣魴鰟鴋鶭|彷昞雱眪祊
shu	数书术属树输述熟束署殊叔疏舒枢鼠蜀蔬竖淑暑薯恕梳庶曙抒姝赎倏戍墅孰漱樹塾黍潻腧纾掓沭尌菽澍書殳秫紓鮛數毹倐鉥潄術尗屬杸朮|
shang	上商伤尚赏晌裳绱熵墒觞殇鑜漡尙垧恦殤丄傷慯扄滳緔蔏螪觴謪賞贘鞝鬺|汤湯愓場埫塲曏禓蠰踼
ke	可科克客刻课颗壳柯渴咳磕棵珂苛恪蝌坷缂瞌颏窠稞敤岢髁嗑轲氪锞疴溘礊騍尅匼牁顆剋嵑嵙搕钶骒榼愙趷勀勊堁娔嶱揢樖殼渇炣犐砢碦|
shen	身什神深甚审伸申沈肾慎屾渗婶绅呻娠砷椹哂蜃珅诜瘮莘胂妽訷渖谂燊眘棽鯵紳矧穼侁昚瘆鲹宷甡祳脤姺滲侺兟堔嬸審峷弞愼扟敒曋曑柛|
shou	手首受收守授售寿兽瘦鏉狩绶収垨艏扌痩壽夀涭獣獸綬膄龵|熟敊嘼掱濤醻
ti	体提题替梯踢蹄惕鍗啼剃涕剔屉锑洟缇嚏倜殢悌绨擿綈鶗薙鹈醍髰裼軆體逖鳀荑漽緹銻題悐鯷偍屜騠稊禵惖厗鷈崹挮蹏鷉嗁嚔徲惿戻掦揥|
guan	关管官观馆冠贯惯灌棺罐莞錧鑵倌鏆掼鹳盥涫鳏貫瘝筦琯瓘摜潅輨悺祼悹毌丱泴關鸛慣樌爟痯癏矔礶窤罆舘蒄覌観觀躀遦関闗雚館鰥鱞鱹|
qu	区去取曲趣趋屈驱渠娶躯衢粬闃觑瞿紶嶇祛龋岖蛆鑺蛐劬阒朐诎敺蠼癯蕖鸲刞磲氍璩麴鼩黢佉袪菃蟝麹覻蘧鸜臞閴翑胠厺覷呿坥抾欋覰伹|
yan	眼言研严演验沿岩烟延盐堰颜燕炎掩宴艳咽厌檐衍雁焰阎嫣彦焉淹蜒筵腌砚阉晏偃俨胭谚嬮奄兖闫妍湮唁偣魇鄢赝烻郾芫厭厣椼焱萒餍谳|
dong	动东洞董冬懂冻栋侗咚氭峒恫硐氡戙姛胴胨鸫崠岽倲凍東蝀墥昸涷絧蕫鼕埬崬挏働動垌娻嬞徚棟湩笗箽腖苳菄諌迵霘駧鮗鯟鶇鶫鿴|筒桐酮
hua	化话华花划画滑哗桦樺婲猾撶骅畫崋铧槬芲婳釪姡嫿枠摦埖杹嬅搳椛鋘劃嘩夻澅畵硴磆糀繣舙華蒊蕐蘤螖觟話誮諙諣譁譮釫錵鏵驊鷨黊|找
ye	也业夜叶爷野页液耶冶椰腋谒曳掖邺噎晔靥暍烨揶葉啘歋嚈殗埜亱爺壄鎑枼墷曗倻嘢吔嶫皣抴楪燁鎁潱曵澲馌堨洂鄴鍱亪僷嶪捓捙擛擨擪|
zuo	作做左坐座昨佐琢祚唑捽胙怍筰莋繓侳阼岞椊咗岝秨稓糳葃葄蓙袏鈼飵|挫凿醋撮乍柞酢笮嘬鑿諎砟柮迮苲
chang	常场昌厂唱肠偿畅尝倡敞猖娼怅嫦畼阊苌氅徜菖鲳伥嚐兏鬯鲿昶厰誯惝锠焻鋹椙倀僘場廠悵晿暢玚瑺仧仩償嘗塲淐琩瑒瓺甞腸膓萇蟐裮鋿|
xin	心新信辛薪欣芯锌馨衅昕歆鑫忻囟噺鐔伩訢焮惞伈孞俽忄阠舋顖訫妡嬜廞杺枔炘盺脪襑軐邤釁鈊鋅馫馸|款寻噷莘鬵憖撢尋镡愖興姰庍橝礥
ming	明名命鸣铭冥洺茗瞑螟姳溟佲眳眀酩暝朙椧蓂鳴凕嫇慏掵榠猽覭詺鄍銘|盟萌皿
he	和合河何核喝荷赫贺鹤盒呵褐禾劾颌龢鶴楁菏壑阖垎诃涸皬郃嗬阂螛柇曷粭鞨鑉翮盍癋蚵盉覈狢秴焃龁啝煂峆渮熇鹖燺饸佫咊哬嗃姀寉惒|
lai	来莱赖睐棶涞籁癞梾崃徕瀬濑赉铼崍唻來鵣俫倈婡庲徠櫴淶瀨猍琜癩睞筙箂籟萊藾襰賚賴逨郲錸頼顂騋鯠鶆麳|黧釐厲勑娕懶攋癘誺
xiao	小笑校消效销孝晓萧肖啸硝傚潇宵逍嚣霄枭箫哮淆骁猇庨効皢彇毊鸮崤绡魈萷筱銷哓枵敩殽洨虓暁痟蟰鴞嘯焇翛熽詨驍櫹痚筊綃侾俲呺咲|
xue	学血雪穴削薛靴踅谑鳕茓袕泶乴吷學壆岤坹疶峃嶨斈桖樰澩瀥燢狘膤艝蒆觷謔趐轌辥辪雤鞾鱈鷽鸴|哮炔滈噱蹻嚯泧敩決韡泬怴斅疦瞲矆
ju	据举具局居句剧巨距聚拒俱惧矩炬拘菊咀驹锯橘勮沮踞鞠桔狙琚榘疽婅飓掬椈遽挶龃讵閰莒泦倨苣洰鞫趄裾钜苴榉粷窭埧乬啹挙跼雎锔屦|
bei	北被备背杯辈贝倍悲碑卑陂備狈悖惫钡焙呗孛鞴牬蓓鐾梖碚邶鹎褙揹唄桮琲俻鞁偝偹僃愂憊昁椑犕狽珼盃禙糒苝藣蛽誖貝軰輩郥鄁鉳鋇骳|
yao	要药摇腰咬邀妖耀遥瑶幺姚肴窑谣钥闄鑰吆尧傜夭徭舀垚峣鹞愮曜杳爻繇窈崾鳐葯暚轺飖鴢祅燿猺靿柼珧媱眑謡騕喓楆苭嗂尭枖榣藥蘨仸|
fen	分份粉奋纷愤氛芬吩坟焚粪酚瀵忿汾濆翂枌蚡奮帉鲼棻蚠偾黺衯鼢肦瞓棼昐梤紛墳僨兝兺哛妢岎幩弅憤朆朌橨炃燌燓秎竕糞羒羵膹蒶蕡訜|
lu	路律率旅陆录露绿鲁虑鹿卢炉吕履芦氯禄虏屡麓铝驴庐卤胪碌滤鐪侣缕颅赂戮閭鏀璐掳噜椂捋簬泸榈闾橹潞辂鲈鹭漉撸渌擄辘鸬膂褛櫨箓|
liang	两量良亮粮梁辆凉谅粱踉椋晾魉蜽喨兩啢魎俍樑墚湸両哴唡悢掚涼煷糧綡緉脼裲諒輌輛輬辌鍄鿄鿌|惊俩閬靓倞莨蜋倆蹣靚駺
quan	全权泉圈券拳劝犬醛佺鰁痊荃诠蜷绻颧铨棬烇湶悛埢鬈畎椦詮筌踡惓犭孉搼權瑔跧洤勧勸啳圏奍姾婘峑巏弮恮楾権汱牶牷犈硂絟綣縓葲虇|
zhang	长张章掌障丈涨仗帐杖胀账璋彰漳樟張瘴賬獐嶂鄣蟑暲幛瘬仉嫜麞長傽帳粻鏱墇幥慞扙涱漲痮瞕礃粀脹蔁遧餦騿鱆|弡鞝
wen	文问闻温稳纹吻蚊紊璺汶瘟雯刎闅炆閿鎾魰駇阌芠鳁妏揾瘒抆玟蟁彣問塭榅溫閺鰛桽匁呚呡忟搵昷榲殟渂珳瑥穏穩紋聞肳脗莬蕰蚉螡豱輼|
yang	样阳央杨养洋扬羊氧仰鍚痒鸯疡秧佯殃漾恙炀氱炴鞅怏烊徉旸钖蛘泱眻飏羪陽垟暘崸姎様珜煬敭羕攁鉠楊柍氜颺佒傟劷咉坱岟崵慃懩抰揚|
qing	情清青请轻庆倾顷殑卿氢晴擎氰氫箐罄蜻磬黥鲭暒甠鑋檠頃淸埥苘剠櫦寈請凊圊庼檾謦傾儬勍夝廎慶掅擏棾樈殸漀濪硘碃葝輕郬靑靘|声亲
si	四司斯死思私丝寺祀肆饲嗣厮撕嘶涘驷泗巳瀃咝缌锶汜耜姒笥蛳鸶厶兕蕬泤禩澌磃佀俬牭纟亖楒鈶飼禠緦価凘廝杫洍絲飤儩噝娰媤孠恖柶|
mei	没美每梅妹媒煤眉枚霉酶媚魅嵋玫昧浼篃镁寐旀楣湄槑袂莓镅媺鬽郿矀嵄鹛苺坆挴毎渼禖沬抺沒眛湈凂呅堳塺娒媄嬍徾攗栂楳煝燘猸珻瑂|
ci	此次词刺磁辞慈赐瓷雌茨祠伺糍佽栨齹蛓疵嬨甆泚呲鹚庛礠垐蠀柌茦鶿茈佌偨刾堲朿濨玼珁皉絘縒莿薋螆詞賜趀跐辝辤辭飺餈骴髊鮆鴜鷀|
jiao	教交叫较角脚焦胶郊椒轿娇剿缴搅骄礁笅浇绞窖蕉矫狡蛟侥酵饺跤姣皎鲛铰佼鹪撹憿譥醮艽湫茭峤膲挢皦敫煍徼摷儌蟭獥簥僬噍噭憍鐎燋|
nian	年念拈碾捻辇黏辗鲇撵姩鲶廿蔫唸艌埝撚哖卄攆涊淰焾秊秥簐跈蹍蹨躎輦鮎鯰鵇|粘趁溓捵榐痆輾
hu	湖护户乎胡呼互忽狐虎糊沪鍙壶弧瑚葫唬蝴扈惚浒綔戯琥斛祜唿猢煳滹汻粐囫摢嫭觳笏槲苸瓠鹕怙箶岵蔛醐鹱曶搰烀帍怘寣乕壷鄠餬乥縠|
hou	后候厚侯猴喉吼後逅鲎帿骺垕篌豞堠糇睺瘊齁犼洉矦翭翵葔郈鄇鍭餱鮜鯸鱟鲘|呴腄吽詬銗
xia	下夏辖峡吓瞎侠狭霞虾暇匣瑕鍜遐黠罅鎼狎敮硖懗柙梺圷祫嚇鰕縖舺鏬煆翈傄睱閜騢丅乤俠夓峽炠烚狹珨疜疨硤碬磍筪縀舝蕸虲蝦谺赮轄|
zhan	战展站占斩粘盏瞻沾詹湛绽毡栈嶄崭蘸惉戦旃枬谵嶃邅颭棧佔戰橏閚搌桟氈詀霑飐饘鹯黵嫸栴鳣偡噡嶘嶦斬旜榐氊琖盞綻菚薝虥虦蛅覱譧|
bao	报保包宝抱爆暴胞堡薄饱豹鲍孢苞煲褒雹龅堢鸨寚葆褓窇緥趵寳嫑寶笣枹齙報蚫鑤骲铇儤忁曓佨勹勽媬宲怉珤菢蕔藵虣袌襃賲鉋闁靌靤飹|
ying	应英影营迎硬映赢盈鹰婴颖瀛郢蝇樱莹荧萤瑛莺楹膺颍缨鹦嘤罂萦渶瘿孾嬴朠濙茔蓥撄籝瀯瓔嫈暎璎媖桜滢偀媵灜鑍瀴摬鶑潆瑩僌甇螢贏|
du	度独读毒督渡杜肚赌堵睹笃妒嘟渎镀牍犊鍍蠹涜椟阇秺芏韣黩碡髑獨剢荰帾殰皾殬覩妬牘韥瓄凟匵厾嬻櫝瀆犢琽篤蝳螙蠧裻読讀讟豄賭贕|
yin	因引音银印阴隐饮殷姻吟尹淫諲荫胤瘾寅茵蚓螾垠夤氤喑鄞吲铟噾粌茚崟廴堙闉檭憖緸垽愔洇狺鮣崯瘖裀飲骃慇禋蔭憗朄霪檼廕嚚垔淾溵|
mian	面免棉眠绵沔勉缅冕婂娩腼宀湎渑靣勔緬檰矊眄偭櫋麵喕緜丏媔嬵愐杣汅澠矈矏糆絻綿臱芇葂蝒鮸麪麫麺黽|冥瞑泯黾湣靦俛緡蠠牑莬
ru	如入乳辱汝儒嗕濡蠕孺褥嬬茹嚅缛铷曘洳媷薷邚襦帤鄏溽颥蓐杁擩筎侞嶿扖桇渪燸縟肗蒘蕠蝡袽醹銣顬鱬鳰鴑鴽|月女需肉臑檽偄鑐咮吺挐
er	而二儿尔耳饵迩贰洱栭毦珥鸸尓洏兒鲕粫爾铒児唲薾厼隭弍駬佴侕刵咡尒峏弐栮樲聏胹荋衈袻誀貮貳趰輀轜邇鉺陑餌髵鮞鴯|濡嬭臑腝杒耏
dian	点电典殿店颠奠甸垫淀滇佃碘靛癫巅惦掂玷壂钿踮癜簟瘨嵮厧墊攧敟坫點敁槙巔阽電奌婰傎嚸婝巓扂椣槇橂橝澱猠琔癲蒧蕇蜔跕蹎顚顛驔|
yong	用永拥勇涌庸佣泳雍傛鳙咏甬槦俑踊蛹饔恿痈臃壅慵邕砽灉墉喁彮镛埇颙噰鄘惥顒慂悀鯒癕廱傭嫞澭硧勈嗈塎嵱怺愑愹揘擁柡栐湧滽牅癰|
tian	天田添填甜舔恬鍩腆阗畠忝搷殄湉唺畋畑靦掭菾餂屇悿晪倎兲塡婖沺淟琠璳甛痶盷睓睼碵磌窴緂胋舚覥觍賟酟鈿錪闐靔靝鴫鷆鷏黇鿬|典吞
dai	代带待戴袋贷呆逮岱歹怠傣黛绐殆簤迨玳甙呔埭骀帶獃瀻叇瑇廗靆鴏帯柋侢垈帒懛曃紿緿艜蚮襶貸蹛軑軚軩轪霴鮘黱|大毒隶棣逯蔕嘚媞箉
bi	比必笔毕币闭避壁臂鼻逼彼碧陛弊蔽鄙璧婢毙弼庇匕敝痹嬶俾吡裨濞跸嬖蓖铋楅愎毖篦薜髀枈哔堛弻秕筚荜獙妣荸畀赑萆襞箅鵖笓苾禆罼|
qian	前千钱潜签迁浅牵乾遣谦欠铅嵌歉谴黔褰骞搴虔堑钳悓箞俔嗛倩茜缱佥钤阡慊掔扦愆芡芊钎顅掮肷偂悭揵箝仟凵靬檶皘杄灊脥伣汧瓩壍黚|
xie	些协写谢械斜胁鞋歇携邪泄谐卸蟹屑泻挟懈蝎偕榭亵楔愶冩绁邂缬洩獬燮廨勰撷猲緳瀣寫渫綊薤恊榍噧繲躞薢藛卨徢緤峫拹澥絏脋媟屟揳|
ding	定顶丁订鼎钉盯叮锭啶鐤仃铤玎碇酊疔薡腚忊嵿耵饤聢萣頂椗矴奵帄濎碠磸虰蝊訂釘鋌錠靪顁飣鼑|灯奠汀町葶掟艼
de	的得德锝徳嘚悳恴惪棏淂脦鍀|地底登陟
bian	变便边编遍辩辨鞭扁匾贬卞辫変汴蝙鳊弁箯砭苄編缏笾褊昪煸窆忭抃辧緶徧峅變鯾汳萹惼揙炞牑猵獱玣甂碥稨籩糄艑藊覍貶辡辮辯辺邉邊|
she	设社射涉舍摄蛇舌赦奢慑麝畲弽赊厍歙畬佘灄猞韘摵慴滠虵捨厙懾摂攝檨欇涻渉舎蔎蛥蠂設賒賖輋騇|折拾邪鍦碟睫阇蛞葉鞨揲奓磼抴挕聶
gu	古股故顾固姑骨谷鼓孤估雇辜咕菇沽鸪箍钴鹘锢鹄蛊毂呱牯诂傦汩蛄崮梏痼榖觚菰啒棝瞽縎轱笟嘏罟扢蓇榾鲴酤祻皷詁泒唃皼柧臌穀崓尳|
ran	然染燃冉髯蚦嘫繎苒姌蚺橪冄呥媣珃肰蒅衻袇袡髥|柟熯蹨
min	民敏闽闵悯抿笢皿岷泯敯黾缗砇愍旻崏姄湣垊潣緡忞惽珉簢鳘旼琘蠠刡慜暋僶冺勄怋憫捪敃琝瑉痻盿碈笽緍罠苠鈱錉鍲閔閩鰵鴖|眠汶玟厸
xu	许需须续序虚徐绪叙蓄旭吁絮墟婿胥嘘恤戌煦裇诩呴歔栩酗蓿顼勖盱溆勗偦許昫洫魆槒姁谞喣稸醑虛須朂烼獝糈鑐旴晇湑盨続緒續魣媭汿|
hai	还海害孩亥骇骸嗐氦嗨醢咍妎嚡塰烸胲還酼頦餀饚駭駴|咳咴猲浬絯侅拸郂閡
an	安案按暗岸氨俺庵鞍胺黯谙铵闇鹌桉垵犴唵鮟侒菴盦痷揞峖晻盫韽儑啽埯堓婩媕洝玵罯腤荌萻葊蓭誝諳豻貋銨錌隌雸鞌馣鵪鶕鿷|干广厂屽
huo	或活火获货伙霍祸惑佸鈥豁夥镬蠖藿吙邩砉嚯锪鑊捇攉濩俰秮钬漷剨奯曤楇癨眓耠劐咟嚄嚿掝旤檴沎湱瀖獲矆矐禍秳穫耯臛艧蒦謋貨鍃閄|
gao	高告搞稿糕膏皋诰镐睾羔篙缟锆槁杲筶藁暠槔郜檺櫜槀稾吿髙峼祰槹勂夰橰滜皐祮禞稁縞羙臯菒藳誥鋯韟餻鷎鷱鼛|浩蒿鎬咎獋睪
ling	领令另陵灵岭零龄凌菱铃玲伶羚棂夌苓绫聆翎皊呤蛉鯪泠掕囹瓴鲮酃彾鸰姈祾炩笭岺詅領鴒爧舲袊鈴齡刢坽婈孁嶺昤朎柃櫺欞淩澪瀮燯狑|
jun	军均君郡菌俊钧峻浚竣骏鍕箟濬儁蚐麇皲麕桾箘珺捃寯畯馂焌皹軍鲪莙呁埈姰懏攈攟晙棞汮燇皸碅蜠袀覠鈞銁銞陖餕駿鮶鵔鵕鵘麏|卷龟旬
zu	族组足祖阻租卒鏃鎺镞诅俎箤唨崒崪爼蒩傶卆哫珇組葅詛踤踿靻|姐沮淬啐蹴嘁槭苴鑿菹柤倅鉏砠綷伹駔岨怚稡謯趲鉃鉐錊鎐顇
wang	王网望往亡忘汪旺妄枉亾惘罔徃暀魍辋尪徍仼彺網莣迋尣尩兦尫朢棢瀇盳罒菵蚟蛧蝄誷輞龬|方皇芒匡尢抂忹朚琞迬
jiang	将江降讲奖蒋疆匠浆姜僵酱桨缰绛犟醤彊弶壃豇糨講櫤鳉殭螿耩礓鱂獎膙薑嵹茳將蔣韁傋勥匞夅奨奬弜摪摾槳橿洚滰漿畕畺疅糡絳繮翞葁|
nan	南难男楠喃柟赧腩湳囡莮枏蝻難婻侽娚戁抩揇暔煵畘萳諵遖|冉嫨罱弇灘囝妠攤
dui	对队堆兑鐜怼镦鐓塠碓頧憞兌垖憝兊襨対嵟懟祋鴭對濧瀩痽磓綐薱譈譵陮隊|追敦槌錞搥杸鎚膭啍埻奪瀢謉鈗鋭
dang	当党荡档挡垱珰宕欓裆灙铛噹筜谠菪砀凼逿壋當簹愓氹璫蟷雼盪儅圵婸嵣擋攩檔潒澢璗瓽瞊碭礑簜艡蕩蘯襠譡讜趤鐺闣黨|偒場崵燙瑒瘍
wan	万完晚湾玩碗弯顽宛挽腕丸皖婉烷笂蜿豌绾纨惋晩畹剜脘菀芄潫琓琬晥妧盌刓踠翫椀卍卐婠頑彎萬倇唍埦塆壪岏帵忨抏捖捥晼杤梚汍澫灣|
ben	本奔锛苯笨贲畚坌栟倴坋犇翉奙捹撪桳楍泍渀獖輽逩錛|体夯蟦賁喯夲炃燌軬鐼
ban	半办般板班版伴颁搬扮斑拌瓣湴扳绊阪闆瘢坂钣坢癍舨攽辦岅瓪辬姅怑斒昄柈秚粄絆蝂螁螌褩鈑鉡靽頒魬鳻|辨卑彬豳搫籓並賁埿朌覂跘辯
chan	产缠颤澶阐禅铲蝉蟾搀馋谄忏潹浐斺谗鑱婵梴潺廛儳湹觇毚丳諂巉産襜瀺剷劖羼僝刬韂剗瀍讒躔骣冁灛產镡镵嬋摲儃啴嘽嚵囅壥嵼幝幨懴|
kai	开凯慨楷揩恺铠忾闿暟塏鐦锴愒剀锎開嵦愾凱烗鎎剴勓嘅垲奒愷欬炌炏蒈輆鍇鎧闓颽|核喝岂渴劾雉溘幆喫欯濭豈閡
fan	反范饭犯翻繁凡泛番烦返贩樊帆藩勫蕃鐢梵矾钒幡墦婏氾煩忛繙軓柉範畈璠仮蘩燔鐇籓旛瀿棥轓嬎緐颿鷭杋汎羳訉蹯凢凣匥噃奿嬏憣払旙|
ta	他她它塔踏塌榻蹋獭鳎挞撻遢趿闼铊褟墖崉牠祂搨侤鞳狧遝咜嚃嚺榙橽毾涾溚溻澾濌獺禢誻譶蹹躢錔闒闥闧鞜鮙鰨鿎|太达哈搭拓傝沓嗒鞈
mu	目木母墓亩幕牧姆慕穆募暮沐牡拇睦钼幙雮苜仫坶畝楘牳畞毪砪鉧凩墲峔慔朰毣氁炑狇畆畒畮縸胟艒莯蚞踇鉬霂鞪|模莫嘿姥牟婺獏朷繆娒
me	么嚜麼嚒濹癦|没末麽
zai	在再载灾仔宰栽哉菑崽甾儎睵洅烖傤扗渽溨災縡賳載酨|才
dan	但单弹担丹蛋胆淡旦诞耽氮惮勯啗澹郸掸疸眈殚彈儋亶殫褝啖疍紞啿窞箪伔簞柦萏癚嘾憚聃帎撢憺黮瘅蜑赕擔噉瓭癉襌躭觛僤刐匰単單嚪|
jiu	就究九酒久救旧纠舅揪鸠灸柩阄咎疚臼桕韭鹫啾厩玖赳欍僦紤殧糺鬏牞廄朻丩乆乣倃勼匓匛匶奺廏廐慦捄揂揫摎杦柾樛汣糾舊舏萛镹韮鬮|
biao	表标彪镖婊鳔飚飙裱杓骠镳膘髟錶摽飑飆驫謤俵藨標儦幖飊鰾墂檦淲滮瀌灬熛爂猋瘭磦穮脿臕蔈褾諘贆鏢鑣颩颮颷飇飈驃骉|漂苞嫖剽鏖僄
tou	头投透偷骰緰钭綉媮敨頭亠偸妵婾紏蘣鋀鍮飳黈|愉逗埱斢褕諭諳
duo	多夺躲朵舵垜堕跺剁垛墮惰哆踱掇奲亸咄铎敓夛裰憜哚缍鵽軃尮崜埵椯剟敠柮柁敪嶞敚躱凙刴剫喥嚉嚲墯奪挅挆朶桗毲畓痥綞趓跢跥鈬鐸|
neng	能|而耐竜螚
zhou	州周洲轴舟宙皱骤昼粥咒肘绉帚胄纣诌妯詋喌籀酎粙噣冑僽呪盩侜诪箒赒輈珘咮籕伷甃徟掫晝晭淍炿烐疛皺睭矪籒紂縐荮菷葤詶謅譸賙軸|
shan	山善闪陕扇珊衫擅杉膳缮删繕煽汕鳝墠幓讪赡姗蟮苫樿膻跚鐥炶芟鄯搧舢嬗掞邖剼敾疝潸笘潬剡澘墡骟钐羶謆晱熌埏鱓彡縿挻椫傓僐刪嘇|
wo	我握窝卧沃涡斡倭挝渥蜗楃龌幄硪肟擭莴踒枂偓仴捰媉猧萵雘唩婐捾撾涴涹渦濣焥瓁瞃窩腛臒臥蝸齷|堝瘟夭喔濄嗌杌媪噁踠婑咼嚄捼矆艧
lian	联连脸练莲炼链恋怜廉鏈帘敛濂鲢湅涟鍊镰堜楝琏殓濓斂奁臁鐮燫褳蠊裢縺裣嫾鰱梿潋襝簾僆亷蔹殮溓鎌聯嬚憐戀錬浰練蘝摙連劆匲匳嗹|
jue	决觉绝掘爵诀厥嚼崛勪抉貜倔獗蕨撅攫蹶傕谲噘镢矍橛钁噱鐝鐍蹻弡殌桷瑴玦挗撧決珏孓矡芵譎憰鴂鴃屫橜欔瘚屩劂泬灍絕絶駃亅刔匷孒|
cai	才采财材菜彩裁猜蔡踩睬婇倸啋寀棌採纔偲綵財毝埰縩跴|揌扐
ping	平评凭瓶屏苹萍坪乒娉呯枰鲆俜蘋洴岼帡帲檘淜凴塀屛幈慿憑泙涄焩玶甁甹砯竮箳簈缾聠胓艵荓蓱蚲蛢評軿輧郱頩鮃|聘冯砰秤堋倗硑鉼馮
tai	太台态泰抬胎汰苔钛肽炲邰冭薹跆臺粏酞檯枱颱鲐炱儓旲忲坮囼夳嬯孡態擡溙燤箈籉舦菭鈦駘鮐|大能忕奤呔釐骀騃鈶咍斄汏漦珆詒
han	汉含韩寒汗喊函屽旱罕翰涵憾悍撼焊酣捍憨邯鼾瀚颔晗蚶邗焓崡菡螒嫨筨顸闬銲阚熯猂歛浛岾睅哻頷撖丆嵅暵澏蔊佄傼兯凾厈唅圅垾娢晘|
gan	干感敢赶甘杆肝赣尴柑竿苷橄忓秆汵皯酐绀擀魐淦矸簳旰坩倝粓疳泔芉澉玕仠扞攼幹鳡尶榦灨鱤乹衦亁凎凲咁尲尷桿檊漧盰稈笴筸紺詌贑|
tu	土图突途徒吐涂屠凸兔秃荼鍎钍悇菟葖宊梌圗瘏堍鵚圖峹図嶀怢腯鷋湥潳稌酴兎凃唋圕圡堗塗嵞庩廜捈捸揬汢涋痜禿筡莵蒤跿迌釷鈯鋵馟|
liu	流六留刘柳瘤溜硫琉浏榴馏镏绺遛鎏镠旈鹨旒熘锍骝蹓鶹飗疁桺塯嵧霤鹠媹鏐雡橮劉嚠嬼廇懰栁桞橊沠澑瀏熮珋瑠瑬璢畂畄畱癅磂磟綹罶|
zhen	真镇阵针震珍振诊侦圳祯贞朕枕斟疹甄赈臻樼帧榛鎭鎮瑧桢鸩砧缜箴禛稹潧轸畛胗湞錱嫃浈酖眹陣挋蓁薽搸珎瑱聄鱵昣侲獉葴貞鍼栕殝蒖|
wai	外歪竵崴喎夞顡|夭咼瀤
bai	白百败拜摆柏掰粨稗擘粺捭佰敗襬拝庍挀擺栢猈瓸竡絔薭贁韛|派排伯啡扒呗薜鞴罷唄鞁
su	速素苏诉俗肃宿塑粟溯酥稣愬簌珟夙涑谡僳愫窣潥粛嗉潚遬骕餗憟甦橚蔌觫傃囌泝膆訴塐嫊梀榡樎樕櫯殐洬溸玊璛碿穌縤肅莤藗蘇蘓謖趚|
hao	好号毫豪耗浩灏郝蒿鎬壕嚎皓濠滈昊嗥貉悎皥蚝儫颢薅鄗哠獋椃皞蠔皡灝晧暭獆曍淏秏傐嘷噑籇嚆恏昦暤毜澔獔皜竓聕茠薃薧號諕譹顥鰝|
gui	规贵归鬼桂跪轨柜硅龟圭瑰诡闺佹傀癸珪鳜皈桧炔妫庋匦鲑刽湀晷宄嫢簋槼垝槻櫃刿匭璝姽嬀廆劊巂邽蓕攱帰檜媯嶡膭鬶瓌亀厬鱥恑槶歸|
gai	改该概盖丐钙溉垓姟赅忋杚祴陔乢漑戤槩絯蓋侅匃匄峐摡晐槪瓂畡絠荄葢該豥賅賌郂鈣阣隑|核汽咳骸芥磑胲閡
shui	水谁睡税涗涚誰氵帨氺祱稅脽裞閖|说娷捝説
suo	所索缩锁梭琐娑嗦唆鏁傞羧鎻唢蓑嗍睃桫乺簑惢鎈鮻嗩摍暛溑溹琑瑣璅簔縮莏蜶褨趖逤鎍鎖髿|些沙衰霍抄莎魦洓挲逡歲嫅戲挱犧獻縒葰靃
huang	黄皇荒慌晃煌凰惶恍谎簧幌蝗磺鳇衁潢徨湟鍠璜隍皝愰肓遑蟥櫎篁韹熀崲巟癀葟滉曂黃鱑偟喤怳瑝皩鐄朚獚兤堭塃墴奛媓宺晄楻榥炾熿穔|
zong	总宗纵综踪棕鍐粽鬃錝偬潈緵惣倧嵸嵏腙鯼嵕瘲碂縦朡摠總傯疭熧燪倊堫惾愡捴揔搃昮椶猔猣磫稯糉糭綜緃総縂縱翪葼蓗蝬豵踨蹤鏓鑁騌|
na	那拿哪纳娜钠呐捺衲鎿拏肭镎吶貀豽靹乸納嗱妠挐笝蒳袦軜鈉雫魶|南内絮呶箬秅笚抐淰蒘訤詉誽蹃郍
feng	风封丰峰奉锋凤缝蜂疯冯逢讽綘俸枫烽湗葑沣鎽酆豐砜諷寷夆檒偑僼溄瘋凮峯捀鄷唪摓沨靊風凨犎仹凬堸妦崶桻楓浲漨灃焨煈猦琒甮盽碸|
ri	日鈤驲囸釰馹|氜
pin	品频贫聘拼嬪嫔姘嚬貧颦牝矉蠙榀娦汖玭琕礗穦薲頻顰馪驞|拚泵匕娉蘋砏
yue	月约越曰岳跃阅悦瀹粤閲岄钺刖彟樾閱鸑箹噦籰籥軏嶽玥悅矱龠曱粵戉籆躍妜嬳彠恱抈捳爚礿禴篗約蘥蚎蚏跀鈅鉞鸙黦|说乐块钥鑰栎蜕蠖
shuo	说硕朔烁蒴搠铄槊妁獡箾矟碩說哾欶爍説鎙鑠|数嗽溯勺杓濯嗍萷數療燿汋藥揱洬銏
fei	非飞费废肥鐨菲妃肺匪啡沸斐扉吠腓绯芾翡蜰霏诽蜚淝榧鲱狒痱飝悱櫠镄棐剕蟦癈朏篚費厞暃誹騑屝杮俷奜婓婔廃廢昲曊渄濷猆疿緋胇胐|
nei	内馁內娞氝脮腇錗餒鮾鯘|那哪婑餧浽
bing	并兵病冰秉柄禀饼丙炳摒併昞幷餠昺垪並邴栤棅蛃鞞掤冫寎怲仌竝仒倂偋傡庰抦氷眪稟窉苪誁鈵鉼鋲陃靐鞆餅鮩|平屏拼槟枋燹綆栟鞸痭梹
kou	口扣叩寇抠芤蔻冦釦窛鷇眍筘滱敂剾劶宼彄摳瞉瞘簆蔲|鏂挎佝彀刳嫗竘區怐毆溝眗茠
zhao	照招找召赵诏兆昭罩爪沼钊肇棹瞾笊啁鍣炤巶曌爫妱垗趙皽佋旐枛櫂燳狣瑵盄窼罀羄肁肈詔釗鉊駋鮡|着朝著桃嘲淖晁蚤濯佻鼂啅箌菬釽鳭
zui	最罪嘴醉栬厜蕞祽朘晬檇槜嶊酻噿蟕嗺嶵樶檌璻稡穝絊纗辠酔鋷錊|堆摧咀撮羧嶉嫢觜槯睟脧欈濢蕝酨雋
zhuan	专转砖撰赚篆馔堟孨颛啭嫥專専膞轉瑑譔僎叀囀塼灷瑼甎磗磚竱篹籑腞蒃蟤襈諯賺転鄟顓饌鱄|传湍簨沌巽剸耑僝傳恮摶漙篿縳
guang	光广逛胱侊犷咣垙洸俇灮桄撗姯廣僙広欟炗炚炛烡獷珖臦臩茪輄銧黆|横恍潢櫎挄迋擴硄趪
zao	造早遭藻糟枣燥灶凿躁噪皂澡梍蚤棗唣皁趮鑿璪蹧竈慥譟竃傮唕喿栆煰簉繰艁薻醩|草槽窖璅繅謲
xuan	选宣旋悬玄轩璇喧眩漩炫绚渲萱煊玹暄鏇癣谖箮铉楦镟揎瑄泫烜譞檈衒縼眴嫙璿儇選吅諠愃晅碹咺塇媗弲怰愋懁懸昍昡暶梋楥琁琄痃癬睻|
lao	老劳牢捞姥佬涝鐒烙簩酪唠潦崂痨珯醪磱耂橯嫪铑粩僗恅栳耢荖铹咾橑軂憦澇轑髝労勞哰嗠嘮嶗憥撈朥浶狫癆硓窂耮蛯蟧躼銠顟鮱鿲|落络
qiu	求球秋丘裘囚邱酋蚯鳅俅虬浗楸遒銶逑泅叴湭巯毬殏糗犰璆巰蝤逎坵皳萩訄赇渞釚鞦鞧丠唒媝崷恘扏搝梂汓煪玌盚秌穐篍紌絿緧肍莍蓲蘒|
san	三散伞繖帴糁馓傘叁仐毵糣弎毿俕厁壭橵毶犙糂糝糤鏒鏾閐饊鬖|潵霰參傪蔘謲
chi	持吃池赤尺迟齿驰斥翅耻痴湁嗤敕侈弛炽叱彲哧螭鸱饬笞墀叺魑彨蚩啻篪呎銐瘛褫媸踟竾坻黐瘈彳蚇眵茌翄箎蚳傺胵鶒恜絺勅杘恥抶摛歭|
tiao	条跳挑眺庣迢祧笤窕龆粜佻脁髫朓蜩鞗鲦岧蓨鋚鯈條祒絩嬥宨岹恌斢旫晀樤窱糶聎芀萔蓚螩覜誂趒鎥鰷齠|调超桃姚苕稠蓧踔頫啁脩朷咷儵
cha	察查差茶插叉诧杈岔姹茬槎汊搽碴衩锸扠嗏偛鍤檫秅馇奼臿镲嵖肞垞疀紁蹅侘挿揷猹艖詧詫銟鑔靫餷|接土斜捷刹楂嚓荼喳仛苴梌扱荖鎈鉏
kan	看刊堪砍勘坎槛瞰侃龕龛竷嵁惂檻戡矙崁莰磡衎埳欿偘冚塪墈栞歁輡轗闞顑|喊嵌薟凵靬阚監堿扻碪輱轁餡
mi	米密秘迷弥泌蜜麋觅谜靡眯醚縻禰咪糜猕冪幂谧宓嘧弭粎藌汨瀰祢蘼芈侎敉彌脒灖麿糸瓕櫁爢洣峚沵蒾冞塓孊幎攠渳瞇簚羋冖宻幦戂擟榓|
yun	运云允郧孕晕韵蕴匀陨酝芸纭耘愪氳涢氲郓熨囩赟愠枟蒀殒筠韫恽昀蕓狁緷蒕贇伝妘缊鋆雲韗霣煴惲抎筼蒷沄熅磒紜縕頵勻篔傊喗夽奫慍|
ting	听停庭廷厅艇亭挺閮烃汀婷霆町厛蜓綎梃烶渟耓莛聤葶圢珽嵉颋侹烴鞓桯楟榳筳娗庁廰廳涏甼聴聼聽脡艼蝏誔諪邒頲鼮|奠铤珵朾忊侱庍濎
huan	环欢换缓患唤幻浣焕寰桓宦獾痪鬟涣鲩豢圜環嵈洹锾奂繯絙萑逭鹮擐睆嬛懽緩轘郇愌峘換漶渙驩喚澣狟瘓鐶阛喛梙澴煥瑍瓛缳嚾奐寏攌槵|
gou	构够购沟狗勾钩購苟緱垢褠枸媾佝彀诟篝岣姤笱鞲觏缑冓遘搆鉤煹構坸夠撀溝玽簼耇耈耉芶茩蚼袧覯訽詬豿鈎雊韝|句拘呴泃鮈痀傋區豰軥
shao	少烧绍稍哨梢邵苕勺捎韶芍艄旓劭蛸弰筲焼潲睄卲娋柖燒玿紹綤莦蕱袑輎颵髾鮹|招召搜削鞘杓笤裢溲萷燿綃佋韒
duan	段断端短锻缎鍛椴煅緞耑碫簖躖偳剬塅媏斷毈瑖籪腶葮褍鍴|踹篅
chuan	传船穿川串喘椽钏舛氚遄舡踳歂僢圌巛荈傳剶暷汌猭玔瑏篅舩賗輲釧鶨|踹惴掾丳椯膞團甎
ze	则责泽择帻啧仄笮赜皟礋舴崱昃諎伬夨嫧迮則箦唶嘖幘庂択捑擇昗樍歵汄沢泎溭澤瞔矠簀蔶蠌襗謮責賾鸅齚齰|侧措稷咋柞睪側廁灂稄耫葃
mo	模末莫摩默墨摸磨魔銆膜漠抹沫陌摹蓦寞蘑谟馍麽茉眽懡鏌秣粖殁帓靺镆貘嫫獏眿貊昩嚩劘瘼耱藦妺絈塻眜帞庅糢黙嫼尛枺湐謩劰唜嗼嚤|
liao	料疗辽聊僚寮廖撩缭寥鐐撂燎瞭镣獠叾嘹蓼繚钌曢敹髎尥鹩療嵺蟟尞嶛暸蹽遼屪簝鷯嫽尦嶚廫憀憭漻炓爎爒璙窷竂膋膫藔豂賿蹘鄝釕镽飉|
nu	女怒奴努弩驽衄钕胬孥傉籹恧朒沑砮笯伮搙衂釹駑|仅絮褥呶帑肭狃擩挐聏詉
chong	冲充崇虫宠舂憧铳忡緟崈爞艟罿珫沖翀茺蟲銃嘃埫寵徸憃揰摏浺蝩衝褈蹖隀|种重涌烛偅酮潼茧盅僮痋樁橦漴傭蹱喠祌種
ba	把八巴吧罢拔爸坝霸粑跋扒灞靶叭芭耙疤胈笆钯鲌峇哵魃捌紦鲅弝岜犮妭罷仈巼菝柭鲃鮊茇覇豝癹羓丷叐坺垻墢壩夿抜朳欛炦玐矲蚆詙跁|
kong	空控孔恐崆涳倥箜悾躻硿鞚埪錓鵼|腔穹矼椌
te	特忒忑慝蟘鋱铽螣貣|式匿職犆脦貸
zhuang	装状庄壮撞妆桩樁粧梉漴焋裝壯壵妝娤庒戇湷狀糚荘莊|幢憧僮奘艟戆獞贛
lei	类雷累勒泪垒蕾擂儡磊欙嫘涙鑸镭畾诔缧壘耒羸嘞礌纇磥酹罍轠絫鸓鱩纍類傫樏檑櫐洡癗腂颣儽厽塁壨攂櫑淚灅瓃矋礧礨禷縲纝蔂蕌藟蘱|
sui	随虽岁碎遂隋髓隧夊穗绥繀鐩祟隨邃睢燧濉谇荽眭綏倠砕歲瓍睟繐亗嵗歳繸哸埣嬘旞檖浽滖澻瀡煫熣璲禭穂穟膸芕荾葰襚誶譢賥遀鐆雖鞖|
ma	马吗麻妈码骂嘛玛杩蚂蟆鎷嬷犸痲瑪獁孖祃媽嬤亇傌唛嗎嘜嫲榪溤犘睰碼礣禡罵蔴螞蟇遤閁馬駡鬕鰢鷌|么摩抹靡嚜麽貉貊痳驀
qiang	强枪墙抢腔羌嶈呛羟跄蔷锵戗戕襁炝樯唴锖強嫱薔蜣镪蹡鎗繈斨丬墻蘠墏槍謒嗆嗴嬙廧戧搶椌檣溬漒熗牄牆猐獇玱瑲篬繦羗羥羫羻艢蔃蹌|
lun	论轮伦仑沦纶抡囵惀棆崙踚陯崘耣侖倫圇埨婨掄淪溣碖磮稐綸腀菕蜦論輪錀鯩|睔
qin	亲侵秦勤琴钦笉擒禽寝沁撳芹瘽噙嗪衾揿芩綅锓吣鬵骎檎埁嫀嵚昑親螼寑搇螓嶔溱珡梫赾吢唚坅媇寢寴庈慬懃懄抋捦斳欽澿瀙琹耹菣菦菳|
bie	别憋鳖瘪蹩別咇彆徶癟莂虌蛂蟞襒鱉鼈龞|秘拔蔽扒撇捌苾柭柲癿穪
bo	波伯博播拨剥玻卜勃脖搏舶驳膊渤箔钵帛菠簸铂跛蔔礴亳啵犻钹饽鹁浡瓟檗哱僰煿镈箥踣鎛蘗嶓駁愽挬簙紴葧鉢駮嚗帗癶砵仢侼僠剝孹懪|
rong	容荣融溶蓉熔绒戎茸嬫榕冗镕嵘蝾鎔肜嫆狨坈曧栄峵傇媶宂嵤嶸巆搈搑榮榵毧氄瀜烿爃瑢穁穃絨縙羢茙螎蠑褣軵駥髶|隔傛縟頌
chao	朝超潮炒抄吵巢嘲钞晁焯焣鼂漅仯訬耖煼巣弨怊仦勦巐樔欩牊眧窲罺觘謿轈鄛鈔麨鼌|剿绰摷劋槱嘮濤粆紹綽縐謅趠趫
ya	亚压牙雅呀衙押鸭丫崖哑鸦涯芽讶轧氬蚜娅桠垭氩鐚铔掗枒琊砑笌吖迓孲厓埡壓崕庘伢睚亜玡亞揠岈挜猚痖厑圧唖堐軋錏乛俹劜厊啞圔圠|
luo	罗落络洛逻螺珞萝裸锣骡骆欏鏍椤啰箩雒摞漯癳曪洜荦鑼硦瘰泺倮蠃攞腡羅猡蓏儸剆囉峈濼犖玀笿籮絡纙罖脶臝蘿覙覶覼躶邏镙頱饠駱騾|
lin	林临邻磷霖淋鳞琳凛麟拎赁躏璘吝疄嶙冧遴廪啉蔺亃粼粦懔驎辚膦麐箖檩燐晽痳瞵菻懍崊癝獜鱗僯凜厸壣廩恡悋撛斴暽橉檁潾澟瀶焛甐癛|
xun	训寻迅讯询巡循逊勋旬鲟驯汛熏殉荀嚑埙薰坃徇巽峋醺浔潯荨窨洵蕈噀卂獯恂曛廵珣鱏壎焄鄩尋燻狥巺潠侚愻灥伨偱栒薫蘍勛勲勳噚塤壦|
deng	等登灯邓瞪凳蹬磴鐙镫噔簦嬁竳戥櫈嶝燈墱朩璒艠覴豋鄧隥|澄橙僜憕
kuang	况矿狂旷框眶匡筐劻诳诓哐曠狅邝圹壙穬矌恇纩贶夼儣懬抂爌絋軠忹懭昿洭匩卝岲況眖砿硄礦筺絖纊誆誑貺軖軦軭邼鄺鉱鋛鑛鵟黋|兄呈枉
qie	且切窃怯妾鍥惬鐑挈锲箧郄悏踥愜笡洯癿竊蛪匧厒朅淁穕篋籡緁聺苆藒鯜|捷漆契砌伽茄嗛沏喋婕慊趄帹渫蕺倢唼脞椄稧猰疌蛣詧跙輵魥鰈
nong	农弄浓脓哝侬秾濃襛儂穠醲癑噥挊挵檂欁燶禯繷膿蕽農辳齈|咔憹莀
se	色瑟涩繬濇啬洓穑铯瘷歰琗嗇懎擌栜歮渋澀澁濏瀒璱穡穯譅轖銫鏼閪雭飋|塞寨泣愬闟槭拺薔粣虩鎩廧溹漬鉍鎍
que	却确缺雀阙鹊榷皵瘸埆阕卻墧愨碻崅碏悫塙硞慤搉燩琷確礐礭蒛趞闋闕鵲|屈猎芍炔傕觳攉舄決敠汋踖蚗隺鳥
zeng	增赠熷憎甑锃缯罾鄫増橧璔矰磳繒譄贈鋥鱛|曾综綜縡鬷
ce	策测侧册厕箣恻憡厠拺荝敇粣筴測笧側廁冊墄惻畟筞簎萗萴蓛|赦栅嫧幘齰
chen	陈沉臣尘晨宸趁辰衬琛嗔谌鍖忱谶嚫曟郴龀硶碜綝抻榇瞋儭瘎霃煁塵陳捵茞愖樄墋夦揨敐櫬疢磣縝莀莐蔯薼螴襯訦諃諶謓讖賝贂趂趻踸軙|
can	参残餐惨蚕灿惭掺儏粲璨孱參憯飡骖穇慘黪傪叅嬠叄喰慙慚摻朁殘湌澯燦爘篸薒蝅蠶蠺謲驂黲|戔縿嵾摲嘇噆囋淺蹔鏒飱鰺
pai	派排牌拍徘湃簲俳哌蒎簰棑廹渒犤猅輫鎃|迫脾啡椑箄
pi	批皮匹披辟疲脾屁劈僻啤譬丕毗琵嚭霹坯纰癖媲旇痞枇噼砒邳铍庀紕蚍淠鼙伓郫罴疋蜱芘圮甓貔潎鲏嫓睥伾擗狓毞嚊狉鈚崥悂腗仳抷毘埤|
kao	考靠烤拷铐犒栲尻洘丂攷銬髛鮳鯌鲓|搞槁槀稾嵪熇訄撟焅薧
hong	红洪宏鸿轰哄虹烘弘闂讧闀垬綋粠鍧闳泓訇竑薨叿紭魟纮蕻吽澒仜鋐鬨娂谹黉紅苰吰硔鉷銾閧妅渹翃呍嗊嚝宖彋揈撔晎汯浤渱潂澋灴焢玒|
cun	存村寸竴忖膥皴吋邨澊踆拵侟刌籿|蹲浚洊墫
tan	谈探坦坛叹滩碳贪炭摊潭谭毯痰檀瘫傝昙袒坍壇忐憳燂钽覃倓郯璮墰锬惔埮譚醰墵灘癱壜婒怹憻湠磹菼醈顃僋嗿嘆憛擹攤暺曇榃歎痑罈罎|
che	车撤彻扯澈掣勶砗偖硩坼伡車瞮俥撦迠唓屮徹烢爡硨聅莗蛼頙|池尺拆宅斥奲呫詀喢揊摰烲謵
lie	列烈裂猎劣咧睙冽洌鬣栵趔姴埒捩挒煭迾埓鮤躐儠鴷劽哷巤挘擸毟浖烮犣猟獵聗脟茢蛚颲鬛鱲|例累栗膊忚邋棙峛獦倈劦奊巁擖燤爄爉綟臘
cong	从丛聪匆葱璁淙婃熜囱囪骢賨苁琮樷枞茐藂悰棇怱潨欉緫孮從爜焧従叢徖忩悤慒憁暰樅樬漎漗潀灇瑽瞛篵繱聡聦聰蓯蔥蟌誴謥賩鍯鏦騘驄|
gang	刚港岗钢冈纲缸杠肛罡冮戆崗釭筻剛棡掆焹矼綱堈堽岡戅槓焵牨犅疘罁罓鋼鎠鿍|抗亢扛肮犺伉阬戇溝碙頏
e	额鄂俄恶饿鹅娥峨厄遏萼鍔愕鳄扼蛾讹鵞噩妸垩岋颚鹗轭婀呃腭谔娿锷屙阏锇莪鈋苊皒頞阨噁軶鰐咹偔惡搤痾豟鈪囮搹吪峩悪珴僫匎卾呝|
hang	航杭夯绗珩斻沆颃貥笐迒蚢垳筕絎苀頏魧|行狼狠巷炕吭肮桁酐忼妔邟
le	了乐肋竻叻鳓泐饹楽樂忇仂扐氻玏砳簕艻阞韷餎鰳|勒嘞牞
chuang	创床闯窗疮幢怆瘡摐牎摤牀窓噇愴凔窻傸刅刱剏剙創牕磢闖|葱舂囱橦倉朣漴戧漺
po	破迫婆坡泊颇泼魄珀鄱叵粕昢笸钋蒪洦皤钷桲潑岶敀嘙尀岥櫇溌烞砶蔢謈酦醗釙鉕鏺頗駊|繁番霸朴剖陂膊溥跛巿哱奤泺尃搫屰廹濼猼皛翍
man	满慢曼漫蛮瞒蔓馒鏋悗幔谩螨鳗満姏槾睌缦鞔嫚熳颟摱鄤僈鬘墁獌镘屘滿慲樠澷瞞矕縵蔄蘰蟎蠻襔謾鏝顢饅鬗鰻|幕埋澫絻蹣
gen	根跟亘艮茛哏揯亙搄|痕
xiu	修秀休袖绣羞朽嗅鏅潃锈溴馐岫綇珛繍庥鸺咻琇髹脩褎鎀俢貅樇峀滫烋烌璓糔繡脙臹苬螑褏銝銹鏥鏽飍饈髤鮴鱃鵂齅|宿臭煦莠蓨嚊綉櫹茠
tui	推退腿褪颓蜕蛻穨煺僓尵侻俀娧弚蓷藬蘈蹆蹪隤頹頺頽駾骽魋|弟追脱税忒墤讉焞怢橔啍聉脮謉饋騩
mao	毛贸冒貌矛茅帽猫茂卯髦锚瑁峁牦堥铆懋耄袤楙旄昴蟊蓩茆泖柕枆瞀鄮氂鄚犛眊蝥冃冇冐酕髳乮兞夘媢愗戼暓毷渵皃笷罞芼萺蝐覒貓貿軞|
tao	讨套桃逃陶萄涛掏淘韬滔绦饕洮啕嫍迯鼗弢檮縧韜匋醄咷絛绹搯祹梼鞀慆騊夲幍槄濤瑫綯縚蜪裪討詜謟轁鋾錭鞉鞱飸饀駣|跳挑姚叨焘頫燾
kuai	快块筷蒯脍狯侩墤哙郐巜獪噲鲙儈凷圦塊廥擓旝糩膾鄶鱠|会魁傀浍檜會狤駃澮璯蕢鬠
zhun	准谆肫窀凖迍準衠埻宒稕綧訰諄|敦屯淳盹胗純圫忳踆啍旽甽飩
kuo	括扩阔廓闊韕蛞鞹挄拡頢葀霩筈擴桰懖濶萿鞟髺鬠|适栝會漷燭噲噋秳鄺
pei	配培陪佩赔胚沛裴呸馷珮辔斾霈嶏旆帔姵锫醅柸伂俖怌毰浿肧蓜衃裵賠轡阫駍|坏倍妃肺啡婄蜚犻昢淠棓掊柭垺抷棑琣艴茇妚攈茷錇陫
pian	片偏篇骗囨谝骈翩楄鍂騗胼犏蹁楩媥腁覑諚諞貵賆跰駢騈騙骿魸鶣|平便辨扁蝙缏褊緶徧萹猵璸辯
ni	你尼泥拟逆腻倪妮匿暱溺霓孴鲵昵睨棿怩铌旎猊儗妳伲聣腝檷坭嫟臡蜺伱惄狔縌貎氼觬麑儞埿堄婗嬺屔屰愵抳擬晲柅淣眤秜籾聻胒膩苨薿|
tuan	团鏄湪湍檲疃抟剸彖団褖團慱貒摶槫漙煓猯篿糰鷒鷻|税敦揣痪嫥專墥剬塼畽磚蓴褍鱄鶉
qiao	桥瞧巧乔侨悄敲鞘窍峭翘俏撬跷憔樵硚锹橇荞谯诮譙鞒鍫硗愀墽槗陗劁墝繑嵪僑鄡鍬殻僺缲喬嘺嫶帩幧撽橋毃燆犞癄磽礄竅翹荍菬蕎藮誚|
xiong	兄雄胸熊凶匈汹夐洶敻匂恟忷焸兇哅焽胷訩詗詾讻诇賯|能宪芎昫赨
song	送宋松讼颂诵耸嵩淞怂悚竦鎹崧凇愯枩忪菘柗嵷娀慫倯傱庺憽枀梥楤檧濍硹聳蜙訟誦鍶頌餸駷鬆|棇捒吅憁揔摗漎蓯蘴
sha	杀沙砂啥傻纱厦刹莎煞魦霎鲨萐裟铩痧帹歃剎繌箑閯倽唼啑翣鎩儍紗乷唦喢廈桬榝樧殺毮猀硰粆翜蔱鯊鯋|接哈杉噎濈嗄挲摋霅歰挱攝菨賒
suan	算酸蒜狻笇痠匴祘筭|撰選篹
lan	兰览蓝拦烂篮栏滥懒揽澜缆岚榄婪斓阑褴襕镧谰罱钄爛壈嵐蘭欄厱嚂嬾灠襤惏攬漤儖囒囕孄孏幱懢懶擥攔斕欖欗浨濫瀾灆灡燗燣燷爁爤爦|
dou	都斗豆抖陡兜窦逗蚪痘篼橷蔸兠脰枓唞梪饾鬥鬬乧吺唗斣毭浢竇荳郖酘鈄閗闘阧餖鬦鬪鬭|投读剅逾窬吋钭侸氀瀆瞗讀鋀
kang	抗康炕慷亢扛糠犺钪闶伉囥鏮鱇砊穅嫝槺匟嵻忼漮摃粇躿邟鈧閌|奋荒杭坑阬沆骯羫
ai	爱埃碍癌艾哀挨矮唉哎隘嗳蔼啀暧捱霭敱瑷壒叆皑嗌毐噯砹嫒譺锿娾溾愛皧躷騃敳欸懝曖凒懓硋靉娭礙伌僾嘊塧嬡昹溰濭璦皚瞹薆藹譪銰|
bang	邦帮浜棒榜镑膀绑傍磅蚌梆谤幇棓縍蒡垹塝幚幫捠搒牓玤稖綁艕蜯謗邫鎊鞤髈|旁彭嗙螃硥紡徬蛖並嫎埲蚄騯
hen	很恨狠痕佷拫詪鞎|掀噷艮哏
zen	怎谮囎譖譛|僭撍
pu	普铺扑谱葡仆朴浦蒲菩埔瀑濮噗曝圃脯溥撲璞莆匍蹼樸氆蒱攵酺镤镨舖墣攴贌鐠僕圑圤巬巭擈暜檏潽炇烳獛瞨穙纀舗菐諩譜鋪鏷陠鯆|暴堡
tang	堂唐糖汤倘躺塘趟烫膛棠淌搪镗蹚羰螳傥帑瑭饧醣樘溏钂摥饄爣嘡鎲儻啺螗湯伖偒煻矘膅蝪铴蓎镋傏劏坣戃曭榶橖漟燙磄禟篖糃糛耥薚赯|
pan	判盘叛盼攀潘畔拚蟠鑻磐槃蹒畨爿溿袢襻泮洀搫鞶磻沜鋬冸媻幋瀊炍牉盤眅縏聁萠蒰詊跘蹣鎜頖鵥|半片般繁番伴胖拌彦卞湴扳鄱闆弁坢皤
long	龙隆笼垄拢霳聋陇胧珑咙窿湰砻茏眬垅栊屸鑨泷癃礲曨躘嚨梇矓嶐瓏槞儱哢壟壠巃巄徿攏昽朧櫳滝漋瀧爖礱竉竜篢篭籠聾蕯蘢蠪蠬襱豅贚|
qun	群裙夋囷羣逡帬宭峮裠|蹲遁麇麕箘踆歏輑
ceng	曾层蹭噌嶒層曽竲驓|增僧鄫橧繒
geng	更耕梗羹耿庚哽绠埂郠鲠暅綆赓鶊峺椩緪畊刯堩挭浭焿絚縆羮莄菮賡骾鯁鹒|硬颈邢亢亘絙恆亙頸
diao	调掉雕吊钓貂刁凋碉叼蓧鲷屌藋彫伄鵰瘹铫弴殦鋽铞弔汈琱窎刟奝扚瞗窵竨簓虭蛁訋調釣鈟銱鑃雿魡鮉鯛鳭鼦|刀跳挑鸟敦稠倜踔佻啁椆莜
meng	蒙盟猛梦孟锰萌朦檬懵虻儚曚濛矇蠓勐懜艋艨蜢獴甍礞鯭懞饛擝瞢鹲幪冡夢蝱霿夣掹橗氋溕瓾甿矒莔蕄蘉鄳鄸錳霥靀顭鯍鸏鼆|明氓蟒瞑黾
zou	走奏邹揍诹陬鄹驺棷棸楱鲰箃緅菆諏赱郰鄒騶鯐鯫黀齱齺龰|族趣偢媰搊掫芻
mai	买卖脉麦埋迈霾劢鷶麥邁荬佅勱嘪売脈蕒薶衇買賣霡霢鿏鿺|派哩咪貍唛
ku	苦库哭枯酷窟裤绔骷喾刳瘔秙堀袴嚳矻俈圐崫庫廤扝桍焅狜絝褲趶跍郀鮬|古圣跨掘挎搰齁朏窋楛硞捁泏
cao	草操曹槽漕嶆糙嘈艹艚懆螬曺愺撡肏艸蓸褿襙鄵鏪騲|造澡慥慅傮屮慒鐰鼜
tie	铁贴帖萜餮呫鐡怗貼鐵僣聑蛈銕飻驖鴩|占蝶怙詀惵跕鉄鉆鋨
shuang	双霜爽塽孀樉骦鏯雙欆孇慡漺灀礵縔艭騻驦鷞鸘鹴|淙泷漴傱瀧
dun	顿吨盾敦墩蹲炖钝遁撴沌囤盹噸趸惇遯伅潡楯砘燉蹾礅踲橔庉墪撉犜獤碷蜳躉逇鈍頓驐|俊豚鐜镦鐓憞忳腯坉腞
la	拉啦腊辣喇蜡垃剌溂楋邋旯瘌砬翋镴磖蝲鑞嚹揦揧搚攋柆爉瓎臈臘菈藞蝋蠟辢鞡鬎鯻|落蓝摺儠擸癩藍鱲
chun	春纯唇醇淳蠢椿陙莼鹑櫄脣錞蝽睶純偆媋湻醕橁堾惷旾暙杶槆浱滣漘犉瑃箺萅萶蒓蓴賰輴鯙鰆鶉鶞|沌朐肫楯踳僢膞芚輇
sai	赛塞腮鳃簺噻揌僿愢嗮嘥毢毸賽顋鰓|思
zan	咱赞暂攒兂簪瓒錾儹趱糌鐕簮揝昝鐟灒桚瓉攢瓚贊儧賛鄼噆寁撍攅暫濽禶襸讃讚趲蹔酇鏨饡|涔濺臢湔拶酂兓偺喒囋淺穳篸鏩
re	热惹熱|若喏偌焫捼渃蹃
hun	婚混魂昏浑荤馄诨掍閽阍棔惛渾溷昬堚梡琿繉慁倱忶涽鼲俒圂殙焝睧睯葷觨諢轋餛|昆棍捆煇珲湣緡惽焄婫揮梱湷眃碈緄顐餫
peng	朋碰彭捧蓬鹏棚膨烹篷砰澎怦抨硼嘭堋蟛髼弸憉輣倗恲槰剻梈挷蟚鬅椖竼匉塳掽椪樥淎漰熢皏硑磞稝篣纄芃莑蘕踫軯錋鑝閛韸韼騯鬔鵬|旁
tuo	托脱拖拓妥陀驼椭唾驮庹沱鸵咃坨橐仛佗乇鼍跎砣侂讬箨酡媠柝跅杔沲鮀彵毤沰陁堶嫷岮扡拕挩捝楕槖橢毻汑涶狏砤碢籜紽脫莌萚蘀袉袥|
cuo	错措剉挫撮磋搓虘夎棤锉錯厝嵯蹉痤鹾矬銼躦蒫剒酂脞睉瑳莝嵳斮莡蓌蔖逪遳醝鹺|最差昔摧齹諎澨營玼瘥縒襊酇髊
miao	庙苗妙描秒瞄渺喵缈緢藐淼邈眇鹋杪緲媌嫹庿廟玅竗篎鱙鶓|猫吵缪蜱仯訬繆彯紗
huai	怀坏淮槐徊褢踝壊褱咶壞懐懷櫰瀤耲蘹蘾|划圳坯喟佪劃
ou	欧偶藕鏂呕殴筽鸥櫙瓯耦讴沤怄吘塸膒嘔慪歐毆漚熰甌腢蕅藲謳鴎鷗齵|区遇握渥敺吽紆區摳樞澫蓲醧
lue	略掠擽锊畧圙稤鋝鋢|率剠寽藥詻
ruo	若弱偌鄀箬鰯爇嵶蒻焫叒捼楉渃篛鰙鶸|惹溺芮婼挼撋
sun	孙损笋簨荪隼狲飧榫箰孫損搎槂猻筍蓀蕵薞鎨飱鶽|餐跣潠栒喰扻摌
chou	抽仇筹愁臭丑酬畴绸瞅篘稠踌栦惆雠酧杽俦紬椆偢絒犫裯杻瘳吜怞殠犨疇醜丒儔搊矁侴嚋婤嬦帱幬懤燽皗籌綢臰菗薵讎讐躊遚醻雔魗|扭圳
mou	某谋牟缪眸鍪蛑侔哞繆恈麰劺洠瞴謀踎鉾鴾|件毋堥婺袤厶畝敄呣桙蟱鞪
hei	黑嘿潶黒|嗨
lou	楼漏剅搂陋镂喽娄婁篓髅偻瘘蝼瘺嵝鞻耧蒌漊嶁摟溇慺樓僂嘍塿屚廔熡甊瘻瞜簍耬艛蔞螻謱軁遱鏤髏|露牢寠窶
nao	脑闹恼挠瑙淖呶孬铙蛲猱臑硇峱巎垴腦匘堖夒嫐嶩怓悩惱憹撓獶獿碙碯脳蟯詉譊鐃閙鬧|橈腝巙婥摎澆膠蝚
ning	宁凝拧甯柠狞佞咛泞檸儜寕寜寗鬡寧聍獰侫倿嚀嬣寍擰橣澝濘矃聹苧薴鑏鸋|年疑冰泥攘鬤
pang	旁胖庞乓嗙彷螃滂耪厖徬逄鳑嫎厐雱沗炐肨胮膖舽覫霶龎龐|方房仿榜彭逢膀傍磅夆尨蒡汸牓篣蠭趽鎊髈鰟
niang	娘酿孃嬢醸釀|
lang	朗郎浪廊狼鎯琅閬埌啷螂榔阆莨锒烺蒗稂瑯蜋樃郞嫏硠桹勆唥塱崀斏朖朤欴筤艆蓈蓢誏躴郒鋃駺鿶鿾|羹踉俍哴悢樠脼
fou	否紑缶殕妚缹缻裦雬鴀|不炰垺芣衃
zhuo	桌捉卓灼浊拙酌籗犳啄镯擢涿窡斫晫劅茁濯浞叕倬炪诼彴棁椓櫡撯梲啅斀棳斲斵汋灂鷟丵圴妰娺擆斱槕濁烵琸硺禚穛穱窧篧籱罬蠗蠿諁諑|
piao	票飘漂瓢嫖瞟缥剽嘌縹殍慓螵飄僄彯薸顠勡徱旚犥皫篻翲醥闝飃魒|朴骠膘髟摽莩潎驫謤蔈驃麃
kun	困昆坤捆閫醌锟髡崐熴綑堃鲲阃悃壸睏崑焜琨裈祵稛貇壼尡菎裩褌鹍堒婫晜梱涃潉猑瑻硱稇蜫裍錕閸騉髠髨鯤鵾鶤|混卵頑罤豤餛鰥齦
pao	炮跑泡抛袍刨咆庖疱炰狍拋匏砲礮皰垉脬麅奅爮礟萢褜軳鞄麃麭|包抱胞苞瓟趵摽藨蚫嚗犥穮窌脟袌謈鉋颮鮑
pa	怕爬帕啪趴琶杷葩舥潖筢妑帊掱皅袙|把派吧扒叭芭耙钯汃苩跁鈀
heng	横衡恒哼亨桁蘅姮鑅鸻悙恆鴴橫堼啈涥烆胻脝鵆|行佷珩訇狟
kuan	宽款髋窾歀寬寛欵窽臗鑧髖|完棵顆梡
shuai	衰帅摔甩蟀卛帥|率綏縗
nai	乃奶耐奈氖鼐嬭艿萘腉柰渿迺熋倷孻廼摨疓耏螚褦釢錼|能那哪搱妳佴掜
mang	忙芒盲茫莽氓蟒硥笀蠎邙铓吂牻杧尨硭蛖駹痝牤浝漭哤壾娏庬恾杗汒狵茻莾釯鋩|朦厖瞢朚甿盳蘉鸏龍
shun	顺瞬舜吮橓瞚蕣順鬊|盾巡俊恂楯眴巛瞤輴
cang	藏仓舱苍沧滄鑶仺獊欌伧倉濸蒼傖嵢艙螥賶鶬鸧|臧蔵凔匨瑲篬
cu	促粗醋簇蹙猝顣蹴酢瘯徂殂蔟踧噈媨憱瘄縬脨觕誎趗蹵麁麄麤鼀|且趣卒戚槭錯捽皻娖娕怚縐蔍蔖趥趨踀踓踤麆
zang	葬脏赃臧奘賍牂蔵驵弉駔匨塟羘臓臟賘贓贜銺髒|藏戕牫驡
niu	牛纽扭妞钮忸狃汼炄牜紐莥鈕靵|拗蚴杻沑怓抝
luan	乱卵鸾挛峦欒滦銮娈孪鑾栾脔鸞攣亂圞奱曫圝孌孿巒灓灤癴癵羉臠虊釠鵉龻|臡乿脟薍覶
ken	肯恳垦啃龈裉褃懇掯墾肎肻豤錹齦|狠垠貇珢硍頎
wa	瓦挖娃哇蛙洼嗗袜娲佤畖砙搲腽襪嗢攨韈劸咓媧屲溛漥瓲穵窊窪聉膃邷韤鼃|鞋凹汙帓靺啘姽徍瓩唲坬窐譁譌鮭黳
rou	肉柔鍒揉蹂粈鞣糅渘厹葇楺媃宍煣瑈瓇禸腬蝚輮韖騥鰇鶔|鑐髳莥
za	杂砸咋帀匝咂鉔紮臢拶臜磼偺沞喒囋囐沯紥襍迊雑雜雥韴魳|咱扎啐嘁籴灒啑啈噈囃
gua	挂寡瓜刮卦褂剐叧聒诖胍鸹颳栝罣剮掛冎劀啩坬歄煱絓緺罫詿趏踻銽颪騧鴰|括舌惴呱咶焻苽咼捖擖袿諣銛
sou	搜艘嗽擞嗖飕叟馊薮溲嗾蒐锼颼叜廋籔螋瞍擻傁凁廀捜摉摗櫢獀瘶蓃藪鄋醙鎪颾餿騪|族鏉敕涑潚棷捒撨欶謏
zhui	追锥坠缀赘轛墜惴缒骓隹笍硾畷娷桘沝甀礈綴縋膇諈贅醊錐錣鑆餟騅鵻|致垂椎隧揣槌萑箠鎚倕磓腏醀錗隊
leng	冷愣棱楞崚塄踜睖稜堎倰碐薐輘|
zun	尊遵鐏樽鳟撙繜嶟僔噂墫壿捘罇譐銌鱒鶎鷷|奠蹲栫捽跧踆拵僎瀳袸
gei	给給|
zha	炸扎闸诈榨眨栅渣乍鍘札楂铡喳柞吒蚱咤醡皻劄哳査鲝挓砟柤奓鮺偧拃揸痄牐齄煠霅宱搾鲊甴齇閘厏抯搩摣樝溠灹皶箚耫苲蚻觰詐譇譗踷|
rang	让壤嚷攘儴瓤禳穰瀼躟蘘壌勷懹爙獽穣纕譲讓鬤|鑲孃忀欀蠰
die	爹跌叠迭蝶碟牒谍戜眰喋曡嗲堞鲽耋蹀揲垤疂耊幉恎嵽瓞哋峌惵挕昳殜氎牃畳疉疊眣絰绖胅臷艓苵蜨褋褺詄諜趃镻鰈|至涉踢褶窒佚哆崼槢
guai	怪拐乖叏摑掴枴恠夬柺箉|噲罫
en	恩蒽摁峎煾奀|饐
ao	奥澳傲熬凹嶅鳌拗袄懊敖坳嗷翱螯鏖遨鏊骜璈獒媪聱镺廒墺厫岙獓磝奡謷隞鼇垇媼芺梎爊嗸奧嫯岰嶴慠扷抝摮擙柪滶翶翺蔜襖謸軪隩驁鰲|
zhai	寨债宅斋摘窄鉙夈粂砦齋榸債瘵捚斎檡|度侧择祭柴翟疵牴擿豸嚌亝膪側厇厏啇抧擇簀責駘骴齊
reng	仍扔礽芿辸陾|耳戎艿穰
kui	亏溃愧魁逵盔窥奎葵馈樻夔戣匮潰隗尯睽喹喟揆馗聩篑虁蝰愦悝骙暌媿岿鍨跬櫆簣餽煃巙蒉嘳鐀楏瞆刲嬇巋憒晆楑欳犪窺籄聧聭聵腃蕢藈|
ruan	软阮朊緛偄壖礝堧媆撋瑌瓀碝耎軟輭|需濡腝檽擩燸蝡
juan	卷涓捐鹃眷倦娟勬绢鐫鎸隽镌鄄蠲埍巻锩姢狷臇勌呟捲桊劵脧蔨奆帣慻淃焆獧瓹睊睠絭絹縳罥羂菤裐錈雋飬餋鵑|身圈闂蕊眩甄蜷棬睃萒埢
cui	催翠脆粹摧崔萃悴淬嶉啐慛璀瘁啛膵榱皠槯毳脃凗倅紣獕綷縗漼乼伜墔忰濢焠疩磪竁粋缞翆脺膬臎襊趡鏙顇|体察衰卒洒繀隹崒椊琗熣踤
a	阿啊嗄锕錒|呵腌吖
rao	绕扰饶娆橈桡荛嬈擾繞蕘襓遶隢饒|繚撓犪穘蟯
run	润闰潤閏橍瞤膶閠|撋
mie	灭蔑滅篾乜咩蠛吀衊孭搣懱哶幭櫗烕薎覕鑖鱴鴓|咪眜羋瀎
bin	宾滨斌濒彬殡鬓槟缤摈膑镔髌儐傧豳玢邠擯梹椕檳殯氞汃濱濵瀕瑸璸砏繽臏虨豩賓賔鑌霦顮髕髩鬂鬢|份浜贇攽訜頻
rui	瑞锐睿蕊叡芮蚋蜹桵枘蕤汭婑緌壡橤甤繠蕋蘂蘃銳鋭|内兑踒棁綏笍惢鏸抐撋苼鈉
ha	哈蛤铪奤|吓呵虾獬蝦鉿
sen	森槮椮襂|洒傪滲摻
sao	扫嫂骚搔臊缫埽瘙髞溞慅鳋掃掻氉矂繅螦騒騷鰠鱢|哨燥梢懆縿橾缲繰鄵鐰颾鰺
chai	柴拆犲钗豺儕侪虿茝喍囆瘥祡芆蠆袃訍釵齜|查差搓扠蔕茈
teng	腾疼藤滕誊痋縢熥騰邆儯幐漛籐籘膯虅謄霯駦驣鰧鼟|僜螣
nuo	诺挪糯懦喏搦傩锘愞掿儺懧搻梛榒橠稬穤糑糥諾蹃逽郍|那需哪掉娜呐濡鍩媠難袲堧搙毭耎袳
zhua	抓簻髽檛膼|爪挝摣撾
fo	仏坲梻|佛仸
chui	吹垂椎锤捶炊棰槌陲錘搥箠腄鎚倕埀菙顀龡|惙圌郵鬌魋
pen	盆喷湓噴呠瓫喯歕翸葐|吩汾濆衯
gun	滚棍衮绲鲧辊丨璭磙惃鮌袞滾睔睴緄蓘蔉謴輥鯀|卷混琯緷渾裷錕鰥
ka	卡喀咖咔垰胩裃鉲佧擖衉|咯呿
sang	丧桑嗓搡颡磉喪桒槡褬鎟顙|纕
qia	恰洽掐髂拤葜愘帢冾圶峠殎硈跒酠鞐|客卡袷咭挈疴絜佉價矻搳楬抲揢擖磍鮚
kua	跨夸垮挎胯骻姱侉咵銙舿誇|髁晇楇恗絓華袔錁顝
sa	萨撒洒潵颯卅钑飒仨挲泧櫒摋鈒靸脎挱灑薩虄訯躠隡馺|蔡鞈趿鎝檫霅纚攃殺鏾
tun	吞屯豚臀氽饨鲀暾涒焞忳呑啍噋坉旽朜畽臋芚豘軘霕飩魨黗|吴逐吨敦炖褪沌囤肫憞燉窀純汭庉膯蜳錪
seng	僧鬙|
zei	贼戝鱡蠈賊鯽鰂鲗|
qiong	穷琼穹邛蛩跫芎筇銎瞏睘茕瓊竆焪惸蛬儝卭宆憌桏橩焭煢熍璚瓗窮笻舼藑藭赹|鞠嬛琁
niao	鸟尿袅脲嬲嫋嬝茑褭樢蔦裊鳥|溺尥茮
nuan	暖煖奻渜煗餪|湪濡暧臑
shua	刷耍唰誜|唆涮選
zuan	钻纂攥鑽纘缵躜籫繤纉鑚|赚撮欑躦揝攢劗篹籑賺
ang	昂盎肮卬骯醠岇昻枊|仰腌醃
beng	崩泵绷蹦迸甭繃嘣塴埄甏琫痭伻琣傰埲奟嵭揼祊絣綳菶逬鏰镚閍鞛|平旁榜傍蚌俸抨嗙堋唪搒漨熢跰錋
weng	翁滃瓮嗡齆蕹嵡暡蓊鹟甕瞈鎓勜塕奣攚罋聬螉鶲|壅
ga	尬伽噶嘎呷尕旮钆魀嘠尜玍釓錷|夹咖胳轧戛夾軋
diu	丢丟铥銩|颩
nen	嫩恁嫰|臑枘腝媆
nie	捏涅聂孽镍鑷钀蹑啮嗫帇蘖颞镊臬鎳齧圼喦陧躡敜湼囓枿槷糵菍噛嚙囁孼嵲嶭巕惗揑摰櫱痆篞籋糱聶臲苶蠥讘踂踗踙錜鑈闑隉顳|哪泥幸倪
keng	坑吭铿鍞阬硁挳硻劥妔摼牼硜誙銵鏗|踁忐硎坈奟揁殸硍脛鉺
lia	俩倆|
nang	囊囔馕乪攮曩齉儾嚢擃欜灢蠰譨饢鬞|涳瀼蘘噥憹搑
pie	撇瞥嫳苤氕丿撆暼鐅|蔽潎覕
pou	剖婄裒掊箁抔捊咅哣娝抙犃錇|部培抱涪瓿棓踣吥垺堷襃
cou	凑辏腠輳湊|族奏趣簇揍蔟楱藪趨
ca	擦嚓礤囃攃礸遪|拆蔡傪磣
shai	晒筛酾簛曬篩簁繺釃閷|色摋攦殺諰
chuo	戳绰辍繛龊踔辶婼歠酫磭惙娖逴嚽娕婥擉涰綽腏趠輟辵鑡齪|促鏃簇醛躇踱淖荃焯斫啜趵箹拺孎蔟吷綴跿鋜錣齱
dei	|得嘚
miu	谬謬|缪繆嘐
yo	哟唷喲|育嚛
nue	虐疟硸瘧|婩
cuan	窜篡熶蹿欑鑹撺爨汆櫕殩镩巑攛穳竄簒躥鋑|蹲攒窾灒攢僔菆襸
cen	涔岑梣嵾笒|参汵硶參穇篸
shuan	拴栓闩涮腨閂|汕踹專槫
chuai	揣踹啜嘬搋膪膗|啐腄欼
nin	您拰脌囜|恁
jiong	炯迥囧窘煚熲埛炅蘏冏颎扃澃冂烱褧駉侰僒冋坰泂浻煛燛絅綗蘔逈駫|坷垧熒扄昋瀅臦臩銄鎣顈
chua	欻歘|撮
den	扥扽|
dia	|嗲
ei	诶誒|欸
eng	鞥|
fiao	覅|
hm	噷|
hng	|哼
kei	|刻尅剋
len	|啉
lo	囖|咯
m	呣|唔呒嘸
n	嗯|哽唔哏唵咹
ne	呢讷抐疒眲訥|那哪呐疔
ng	|嗯哽唔唵
nou	鐞槈耨檽啂鎒獳羺譳|嬬擩搙譨
nun	黁|媆
o	哦噢喔|嚄
rua	挼|
shei	|谁誰
tei	|忒
zhei	|这這
zhuai	拽跩|转睉轉尵顡
#rank	一是人了不在有大中国和为这上他地个年来我会以到要时出的生学说道民家子也成行下们于后就发自之对得主长可过天作分方用你多着部能市业全等里工经公本都而政高法门面动日进区事代那去心北定同小开产前其军还然起所如种现理机体表力外与好文两当新实重三么只山水关从化明建制平又南内没西此将员名手最东者头月间安无见城各十但已相看些正口通度加她第想合物院性战由位海意点常场武使次向二治因立数样身情入原把路被问并利教老石级量知任江及应省资万委务元美特期世湖回系比气汉总展电科金先提品声设义或王社很统四首共己处马形儿司目基领队直计别女权话少流命至报米给果变打书几州华解活议更称清程今决导太张术府才保交放管结便师达走反再题色族五京河接条规式县它改白光风运信受什组布听百济党论强指做取技黄选记神真却职号界件斯类花眼何兵传带边干农据集空联广古完质增阳难史历专官住商每即认车台林必步游死举线言皇土收考求叫德团备研近具争李非众感调转革该笑持连始英士让尔克根造较思际格亲拉朝单红型价器校约字段周候则功属积亚图准快火究千深极育装参许半令吃观鱼精办像帝复八告影包群构料划象算随容示投势热值整夫网语股源铁望息断往派远怎速需爱律纪片支况病境证编局早推且觉列满服未居除企引乐标织初双确志率项飞球察响龙节药站青施均消客存失甚低般击曾防请离显营罗落视护副食创足余素照兴占虽洲村费易木巴左黑置跟央识星宝采维试底房宫音六环案富批斗切乡越另倒按故突责若查桥轻严模胜围杀席态承杨负破招须父供状域似续银层范修找致终血旅钱赛密效玉独获演医习九毛依冲脸艺楼尽陆航右协攻镇检写细苏七宗章注阿弹抗验坐封劳优财仅户养适陈卫喜排射留油刻降急伤云例弟景念拿绝阶座刘害印亿母沙酒紧助超审闻待升送监策压限略竟配藏敌呢差仍兰香温园树征哪善词岛止波预怕继皮执味份角微男益答草谁普船惊街哥夏宣掌核田著辑奇画吧剑尼背免孩礼材春愿架筑括久晚乱谈尚友良临刚激讲刀室既洋夜敢乎挥昌板邦欧福胡叶港简担岁荆贵句守辖威衣宜块额苦剧充错帮欢够孙班堂销坚娘练退脚读测吴希宁版异换呼阵顾典朱菜某曲判毒宋茶洪救顺含啊败鲜货矿兄归险康评肉吗楚端厂买永忙遗散笔停输牛假训顶录否述督松洞冷控丰毕献纳互襄沉亮登咱钟臣雄季忽脑介鄂召饭扩祖赶牌诉移恩诗础露届齐烈伯盘喝卖蒙植授湾伊博减穿秘逐庭陵痛固禁票灵短姓杂泽吸侧庆遇追甲馆唐炮爷补沿殿静刺姑彩旧怪警暗岸轮俄妇索靠附毫怀载骨雷探软旁渐罪枪哈牙迎序盛墙谷恶雨顿危熟概操酸诸佛稳针荣托野宽折绿付午肯库缺罢耳嘴屋末巨培页犯瓦困店智款拥雪圣戏旗婚翻奖厚币岩吉歌廷疑健烧析讨烟仙跑疗舞误亡卡闭汽秋脱繁侵伸川莫秀借私寻岗卷横跳驻套谢麻兼您君束纸丁夺丽袁灯坏坦径购圆床丝阴择墓宪遍庙鲁掉桃御舰丹避售怒课播拔奥延峰虚粮络遭妈潜庄厅混奴赵访睡震予韦殖童鼓抓吨址洛拜休纵逃染贸透汇灭蛋扬徐仪距郡狐塔融聚森盖迹忠释润粉孔岭涓搜紫虑促抵钢寺塞液码珍坛慢隐奔瞧役硬梁虎迫姐锛凡壁损替津拍税综伦盟哭挂韩竞尤弱乌铺累秦冰尊竹珠迅泥纯睛摇刑脉途潮幅杯握谋剂鬼幸奉乘朋谓崇壮抱骑紝恐享虫绍隆鸡铜呈械欲措泛爆偏签暴猛嘉郭障废胞亦搞摆埃缩频曰撤缓寒订俗敬绩阻盐忘勒萨奏孝触灰贴梅暖婆胸醒莲柱裁抢捕纺篇玩截讯誉雅伙梦勇峡丈啦尾徒朗闹忍泉唱泰残佳伍疾署剩冠贼呀倾申贫泪麦豆羊镜尖涉贡辈诺摩缘迷妻殊贝妹映甘糖骂岳奋饮棉雕汗渡赞努启阁冒裂跃斤伏患池零鹿劲晋倍媒洗箭锋闪沟胆凭圈抬闯挑淡隔弄曹汤迁苗叹储贯桌祭唯符僧衡炸振旋喊凤彻黎郎援磁忌辽赏肥祥董仁默瑞询貌敏毁昨巧腿浪荷抽陷焦腹弃亩乃滑辛狗宏湘皆番尸伟览桂龄趣绕恢坡魏墨伴绪舍冬阅蓝鸿惯症晶鸟旦井窗辞聘穷纷堰浓宇键荒递恨净隶厉杜闲扎腰袭侍灾涨寨湿幕豪郑摸浮券赤腐译租磨氧戴邓煤肠牧诏旨妙孤堡册锅柳阔薄吹丘趋奶锦颜悬陶尺拳蒋插晓胖艇穴摄勤燕诚垂罚辆戒袋氏稀绘枝泊粗狂肩估荡杭臂哲炎寡琴扑盾悲炒矛颁籍懂违眉贷刊亭巡屈堆曼爹饰悉碎撞寄浜腾叔吐描污辅魔烦鼻盗餐仗幼冈澳驾銆凉菌肚肃呆仰抚慈仿扶炼盆纲倘杰碗惜扫暂祝跨渔宾寿稍猪涌凝邻赴仇劝践顷赋莱拟忧贤姆乏粒迟逼傅陕漫昆葬燃魂溶腊耐辉犹乳陪偷颇愈挺棋殑愤返沈丧斜驱俊惨袖惠浅滚拖牵添涂姊咸割侯档纤柔岂详跪熊拒覆绣宿偶吓揭赖轰烤碰卢颗邮伐扇循衰弦凯羽枚帅锁俱帐胶鐨疏埋搭壳剉脏彼箱浙蒸翼拱瓜挡筹疆肿膜杆债凶玄谱乾遣夹薪灌贾尘廊填钻狼脊赫卒碑泡丛徽削贺遵漠咬弯蛇扰甜锡撒炉纹菲亏匹躲鉴慕熙穆朵踏邀爬芳奸淮捷耕棒豫艘糊齿吾醉脂兽恰卵柴溪刷跌妃浠辩瓶遂肌拨俘滋慌碍挖怨恒励鸣肝偿腔拦允秒塑拆滴靖耗披凌胁吏纽垸辟艰耶敦疼荐佩厘匠壤烂拾轴乔璃孟轨妖晨柏掩坊桑堤畅瞎氨辨鞋喷猜畜迪尝咨雾丢洁擦搬捉奈肤愁砖嘛歇赢藕狮窝耀诊扣篮尿挤唤牢侠舌舒筋枢屏昏衙栏梯霍链惧纠笼冶弥勾寸叙稿吊哩殷剥辣娜榜拼逆堪恋囊棺娃胎猎骗俩郊掘欺恭藻幽携悠慧函辱缝癌悟滩祸爸嫩秉慰驰狱扯砍糕乙漏纬茅渠催踪飘叛牲杖汪狠鞭腺邪碳彭汝咐椒绳颈浑夷忆阀浩卑宴欣逻抑嫁胃恼贪兆屽僭漆盈仔庸侦鹰驶斩鹤晃猴蜂扭赐吞柄椅轿拓砂扮辐啥鏄疯伪粘抛瘦玻圳侨刃吕饱碱冯仓玛悄钦傻庞昂儒遥闷泄叉鼠臭捧祯舱艾郁坝芙瘤斑帽契吻舟葡剪霸宸抖躺聪瑶夸炭敲卧袍谦猫艳珊衔浆碧巷串仆漂铸押惩迈锐滨疲履盒宅坑饿翁幻逢缠颤旱罕姻怜蓄扁槸掠稻磷劫喀撑咽蓉姿胀肾帕吟摔谨哨鹅丑慎惟塘肺苍镑趁哼蜀兑贞禧葛哦仲惑蔡筒诞踢禀妥朴祀萄饼澶狭杩赔诱陀卜疫辰顽抹倡浦账摊茂翠煌劣氛廉鸭瓷戈秩弗悔尉挣芦拐脾溜株矩枯纱畏蓬冻幺唇哀芬蛮轩棍醇宙郧欠稷酷孕晕鹏槽栖吩姚呵昭盼舆斥酬芒捐斋簡眠墩罐璋脆蚀皱卓翰棣鼎宰阐翅绵丫霖爵卿衫钉逊涔沃铭硕擅嫌叠赌隋戚旺萧肖挨沪聊雇罩嫂饶丐掷煎睁誓摘竴坤竭屾冤宛屁菱潭厌渊俺崖氢勃棚涵裕溃喇堵媳矮鍙哄蒂抄肢泌瑜怔甫檐鏈撰逝霜铅佐蹈鍦痕瞬硫挽禅羞娶柯屯婴帖韵悦寂肴螺淋烛颠歼毅凑慨杉兹钧渗窑谐厦匈柜爽蜜喉愧栽谊扔肆苯遮霞屼笉壶夕赚尹弓谭盲勋饲窟俞嗣煮巾窄裤膨奠珞吵膏姜愚膀蔬僚匾瞪妄喘畴沔喂耻牺旭妨崩硅雌陛卸砸贩竖佸攀伞晒惹裹屠汁茫佣糟鳞浣渴掀雀龟叩匆唉亥哊僵厮擒璇瞒泼桐钩谅隙丞刮霉盯侄逸爪浸阙坟咳宠脖朕虹彪衍鳍讼虾芝涛巩熔峻怖掏枣滞鈥昔焕哑娱芯捞衷卦旬矣茨喻洒挪磕蜡琉枕豹厨腕巢傲氯燥娇焚嘱禄赠晌鍚琦雁姨焰蹄虏鍒粑潘饥缔铃兀蕴鸦甸俯锻庵骤剿禽捏膝捣茎勉婶晴厢灏梨涯蒲匀驼嗯撕樊搏匪垄寓斌麋舵薛旷丸劈缚泳绸愣炬寰屡缴歪躯贱褐酶拌颂陡鍏帜募佑皖鎴绑啡仑麓鏉帘镖钠刹妆禾弊藤凰歧铝闸驴滥耍酱桶躬熬娥剅啸淘裙骚亨勘挫咖沸垫芽钙哟凸翔逮塌舶锥吁魄灶怡浴橡蔽硝懒凿晰赦庐谕鄙盏菩拂琳沼圭屿砌倚棵瑰羲酿诈锌栗杏卤沦婉躁斧淳窃哎兔淫痴阮剖蕲烹蚕璧搅帆暇購趟粹吼嚷兜冀舅搁瞻乞骇炕岃嵌拘笛鹃菊淀肪愉鞍框弧蹲犬椎惶阎垮浏诵榴裘腥萝颊蟹哇摧哗琼骄梢淑丙媚钊沫糯崔谏暮棱炳畔缅襟驳锤凄鍑裸拢胪呜乖诀奢榨瀹苹觅傚渝枉辜髓坠棕泣贿嫣峨憾萍甩胺陂寇灿烯沧瞅怯钓坪暑垒傍垜睹薯鏃烘溢缁谜嗓窜贬沾咋戟屑湁胚犁耸囚莎诡颖藩彦勫蹇芷湪赣沐膊婢粤喧贮咕菇腻諲嘻邢绮厥邵讽耽衬叮恕毯仕烫拚闽繖葱昼桓钾勿膛歉瑟膳詹敛狄沽侮坎垱寝恍妾嗽埔澄揪牡毙涡荫鍐桩釜锣梳瀛缮咀揽雍眷铲倦厄岱弘淤尴鎵祠衢玲粥瀑垃戳搂缸迭郝挠瑙粟呐跋歹瞄豚驿圾胳魁诧鞑谎痒尬陌逛嘿粬讳绒蝶咒凳裔恳杈涅泻苇迦娟焉扒翊敷谣隅凛巍梭蚁撇氮苑凹妓綘巫禹朽寮郢伽粪诛醋谴隧栋踩礁庶笅莽嘲噪堕濂鲟彝衮斐柬卞沛篷秃祁嚼潇宦溯黔碌浇敞绞瓣傛嶅窦蕃姥汰鲍遏魅槐鞘钞徙讶琢碟滤嗤琐鐪簇锰嵋篘逾弼绅腑瑚稽溉宵祈備庇窍蒿蛛勬玫煞鸽泵袱堝捡拈驯骡肇垣迄斟砰漕澜萼葫鏂梗蠢薇筷僻镶鳌捆昧曙棘滄阜豁挟睿矢跺惕眨岔稼邹淹灞逵笨湛俭蛙匣揉盔羌陋缆抒痰湴慷聂後懈扳琛芜酥骆汛洼悍呕岀瑕酚伺細虞拽羡鐗鍔蔗滇苔拇鍗厕灼窥羹閲矶夊匕藉傗哺倪怠莉逗檀瞩窖蕉缀苕猿璁瞥簿缉浊皋魦楠喃斡焖萌揖祺鍥烷芋晖绽絮侗匙谬剌撼撮橙亢睦垦碾逍熏彰邑佃梓诰嗗驹羁敝汞嚣辫蝇惭沅蠡墟娴漳韧孢奕涩嵩缎饷唬褰鎶峭濒鳙殉嶆筛霎椭冥啤兘婿眶珂啪鍛鸪渤闃矫肘钥嘶孽杞诲靡饵哉敕彬熷潵桨戎樱鮠憋晤鹧侣愕瓙笃懿蔓骸榻摹磋嬪欎皂咏趾吭鲤鎯翘骞鳄栅酯娌氟渣鸠邱脓譬闺颐钛锯奎揣溅绢蜒拣笂姝棠晦瘫乍朔畸疮蓦靶攒渭铀唾磅茄廖馨傣耿荤蕾胥缕葵丕扛舜鲨闂闄诬逞烁咧苟廓铮镍槛狡牟鸳浼芥裴鐢俏稚麟氣鑰岄悼漓毗倭変赎叭玺莹啼憎蝉柑楷妒蚊馈删滃偅拙韬熄祷鸯樻楞虐蒯佹紊翌酰妮蚌佬剃沁杠霳烩侈稠噶娑锭芭坞褂筵褶觑酮篆醛趴嗭崛洽轧圻扼蒜毡簧寞煨砥嫉琅腮慑乒撬鍘閮嗅鲢聋酌嗕胤炖炯牒嫔笙蜿裳碘鏅霄茸吆嶈澧瘾劾瞰橘澡灸酋咯捻梍竿耙姹汹矗籗蛾剁勺庚钝搓狩篃隘靴狸绉犲擂犳讥豌馒秭戝梵苛镁鲸傝茬垛臀伶夋颅颌徊捎鎬弩眯讧绰咦鍜涕俸纂呻嗜噢札榆幢锜峙蔑虘卯姬萎赂蚂戮穗肋壕辇椰陇氓勮胧蟾辕恃孵濮熸狈刨浚粱袜栈筝蛟箢绷閭糍铬蕊褚涝潼驸繕黛箍匡勪闈椁梧庢嬫惮胰擎瓮绥吱拗叨匿弛蟠乓啃孜寅噷枭殡疹尧咚桦骼悖呛繀勯黯褪朦甬蹦嗔挚鐫毋赃啗拴澈倏帷攘闀荧蘑夔屎搀羚閬袄岚鑳埌沮挎侥箫嗦瀵腌埠醚搴潃砾栓睐竣龢垬焊禺秽煽琵璺冢睬嘎捶攸诣剔拧砚欏茵邸眩捂橱汴犀漩鏀嗘兮勭馔濡锈炊诫榄哮璐冕澹瞿酵惫琶酣墮娉筏鏍龚掳欐掣撩虔谍萤鐜柿涘迥獾柩鹊炽貂琪戊羟鐒噗淌窒辍迸暱涤緱耆贻噬縻缰甄阄祐樺蝴衅唆堑亯嶄烃恪拷捅竺绎嗡沥疤谟驷戜蹬颓婊忿裏谌嬩崭椿胈黏鑷菑嘘禰篡忒镂哽拰囧庝涧躇佷庡淞滔钨渺珑糙鬓拭枫毓啄雏卉拯惺嘟徘甭釉綋踌笺炫蚣绾苷妊踵戍墅茧绊阉滕辙嚭惰犱抉烙盎箔籽垢氬屉驮掐腋疙崎陨槦钵暨仞夯曝帛蓟蜈钳镐嚎懦瘩瑛鐩肽湍秤傀咙澎钴扈遁幌阱圃汀萃栎叱窘佟夎懊橄锄溺骏佚恤棰汾睫繃蝎鳖滀珀儡嫡笋啷馋紟跷馏纨闵哆蛤劧娠铖嗐淇眺熶蔚鎸钗拎蝗姘紶噜踱槎鳔嶇呰矾饺蠕掺庑磺讹踞怦楀滆脯痪髦壬娲渎珈谒踁鍓撳痹锺婂扉迂靛佺棂麝谛冉彲枷貜氖酝旌呸熹簨掇於鶴甯莺鏋咎喽捍咪搔汲锏陙揩曳沂喵湅蟆鏁刁蹭哧椂汶圪庹绗辗夌箕閫糜兢捋楹稣掖箣鳃锚跻芸踅畲绛蟒涟篱洺胱诘缭苓疚婪鳇捺珰蛔鱿忓炙鑻寥愬瑾赘峪衲晏蹿钡氽饪囨瘟鬟轶鎰鰁孰憨磐肛馍殴遐孺嬉俌吠婲汕亾偕蝠骰嘀樟宕柟褥钒鸾悴楂漱绚霓檬沓蚓焘猾俑腓疡皓猖踉铿赈邺塽侃葺嚜苞傜悓唔麒汊矜髯唧麽玮岑溴鍖妞悯楁臼栧萐佽兂戞赁倔瓢驭婷伎戠淄臻霆窿膺跄熺抨昕磴桅邯韶帚泗鎷阪嗟槌儴淖筐鎺泾鵞麾嬶睾檲菠谥噩荔涎糠渲孚雯斿杵渍煶績噎胯仡纶鳝嗒娆蚯螭癫鐭夭巅忖昙徭渚榕漪秆茯轛鲇溥甥菏骮娼氦祟瞳煲迩镀霹樼绐萱跤叽巳彤惚缙偃勶呭媛孴莞蜘龕忱斓鐐鳅鹘墠孳臽俨帧蝌鑴镏嗳奲蜕褒陲姣淙痉硼蔼亸妸绯蹙抿槟癸蹂躏挛螅鞠桔壑殆悗幓悸椋憔秧雳亟俾撵鍊惦栦氐淆嘈戣锂铐祛戌鍝镰婃榭堟烽纭舷咄幡撂簩讪佯洄祚蔷劻瘀彧樵濆胄冨梆藓湡幔绶忔畿骁黜笆醴靼粽蹊繬绫袒張沱镯踊亘奚恻愭阖挝簬匮嚓湃箞獗秸簪钀俐蘸颍椤榷胭椾祎絾绌坯柠笈谚鸱栫櫘湗痊荃谙晾墦紵傞殃穹怂滅炲钯抠猝磊郅樹虱衁谩涣燎恁迤髻偎嗨峦歆璘绔荀锢哝娩彗欒汵缪錘闊擢钼龋帀谑酉镞肮馅诠醌馷迳钮鲵坍盅舔嗚怅浒犵簸舂嫖盂熠芾哒喏狞讷漾濠笠黝惘欑煦犺鍟闩泸瘴耘谝皎蛹儏剰嗙晁鄱寐掰蕨芹顣堜瞟粈饬墜恙涿蚪浃婏戛亵桕潰濇珪纣翡嬬煊裟郸铂猩痢荪赡辏檄蹋嚑抡榛熜赍忎焯茉欙疟吮垎庣恺珮诃鼾咫掂渥褢邬铣饴垩夥汐瓒贰颯馐凋棤眸眽荼蜰螨鹄剐拄粠蒽酪鲥吝悚缨膥谄铢雉劍愪狙偌姗榈氭瘽珩骋谶跛嬮憩攥蝙鍋鹦娄恣筽粳苻蜗褠辄婁砷碉笢羔晔枃涸熻綔绠肄奄敖棩鑲俟蛊骈楔皬皿篓鑫锑鸥咔撶埙岋晟缈錧龛岷崄氰惬砺娓滦觐鎭姩弈蟮罡莼袈骅牱撅氫蜥攫涗牍撲擞鳜卅谤飚缄翩荻蛭兖喙嗖棶焙雹懵溂忏椹翟踝踹侏恬涞琚皈呮撴诅霏摺炀鍧餢谀鼐冗妗岘诙塾阑搐熼犊皵钑鲛俅桁龅唠啰嬭崚榘沌缢俔懡戾玹芍辔帻搪纰俚洟粰薰闆鳊龈斾舀袅闫闾幇惋聆蟀鎮鞯昵栨桧痘紑鳗圩揍臊臧讫憧铎勩峒隗嗛惴缤飙骷岖诽輯钰闰匝垚嫘枸煡睙簌茗虬邰鏌侀癖艮瑁饔恿螾蹑堢妍旀僮杬绦茹鍩鞈鲶峣铳隨峁淬翂吡忡毂涪猇粡荚咆恸猷苫蜷隽彷氳璞芰铠嘤嫦岐崽曦瞭髅唷櫙涙炔緢鲌齹佞坷埂奘崆疄绱脐轼銮刎櫧誊楝羧荟尯楃烬饯岬颚倩唑涢眰啶憬琏鹗嫳庖猬繘婄忾橹迢闅鲩暄簯啧庤潢箐叵戯獭呗峞痔缥胫豢鹉硚蔔霈殓氱纫缂罂邃郃猕铵宥嶯虻嶉潞潦瘠鳎囤潹牦疱織萦闟夐媲樿罔腆呬堣嬷滈弽満莆饕孛洿缇臾莅鐏瀚瞌螂賬隼愶痣蒴锵柚圜弋炴瓯绻锹嚏弁臆诳铡嚫庯敓坳栉狰獐囦娣摒榔湵瘸蟋裨镌楄狻睢藐蛀郠啀啐疽睑艿镉韭浐羯镣壇狲笁妫徵楣橈欓蚜黍忐憳盹鍢鐧鹫婅廿斺橇氲窡荞鑵鹞屹搠瀃燧瑧葑颉飕俪喳墍箩蛓裇飓偻啮噸掸旇坃犒耦茜鐞雒濅蟸鐙骥呯呱堬崂彂摞瘪鐑囱庋桢沏湮濓竦鎻闳冪楋竷颏匍呷嚬洮潍鍍曞槃潻轭鸵嗬涚珟缱罄翎蠹飧叞哂琥籁侊啬忑瘢笞辂鏇鬃鲈慛昇濞炵缫匐夙斫暧湄艄蚤郓悜腼蛆镗阈嚅徨柞痈瞑鹭嗷婀捱洱碛趸叼洖湟濈熵痞缃翱谗铰噙宀忚悊緰猓嗫妩桀簺蜚徇晩栬裆刂叓咂唁墀燂癞叺潕痫蜃鐖馁姏浗炰睨鸩佥偣岫笖膻诩墒熨瞠芪仄儚刍漉藜鍠咃堥帙畹畼塬娅氾灙馄剽啜愮晫湰皊螃镫鞣饨冩剜庨曜腧辎阂霭巽槑玑坂婺璀疣纾鎹霾飒囩幂忕掬煜绁觥夛媾忻環蚧袂豺鹑佝啾撸璜町疵皯篙緣蹚鐣鞅彀拮掓斂涮効渶濊祗袷钤铆厛鍕呃诤诨铏摈珅皨繛诿貧椈螯阊咛噤斛荥蜓裱缒虼鍂鐤呴怵惆渌砻舐蜍鉙颔魑黼亍嗝擄泞诟魇徃歔湎牯獠砧硷酐鑽诂遽隍叾啕恚腭辘娈栩祜腈鑹鸨偈囪犷簲嶙悻惉炷硒缜跸镕鲫佼皢绺诓唰櫉濉痋谧铩唢帇睳冧缟蔫赊鍪龇旂沣淼篝觊蹴锟鹪嶏暹枇枰窠苎蛰黠鼬嘭噔弑涑癣蚴蜻觎贲刈娡撺線绀钺锆鼋冭匦呤挶硥臃褴锨昊洓赟嗪奁撹涳犟硌簤莓謇鑸俣冮叟咣忤掑甾苋厷嵈泯涜稞鎽锉倌坨孀洹粕跚伫怆滂猥筫锗骊龌冽垓彨憿栭炆萘鸬龊孪幙擀棿椽榫箴耷譥谪阡厩喋梾欤瘁枌橐箸靓颧鲑嘌寤搽潟痿礴箯逅骢龃哐崃煚鑺騗亳厍岣敱瓑羰詈铨鳕埆宓峇怼愠旓曟杓砝秣倜嗵敤钽閿闠仃孨岢峋煇犍瑗绲覃蹶酗飨懑杳桠槝菁逦仛呦婕幄曚濋睽谆囿嶂戦椟珐罅蹒醺咝淨珲瑷粲绋醮闇馀乩吒唏壅綇膂賨鄢鐥崧珗畻疸皝碣粍纥谔鎼骠哵囷埽璨畫裰褛鄀钏傕嬖畨硎祧郴鄄鏖饩厜噼垭彛搦枟浔诌龉卮嘧婇淅淝篾蜴谡镳呋壊懋浉蓖螟嫍嵊掍曠竻邛鑱劅劯咭嘁囔嬨寚槾蛎蛻邂壒昱歙砭缌腱遴鑾佤凇啵彜斁炶煩砒蚩讵鍎閰馊魐帴愯挞槭爿甑瘙眈缡賍傈嘹忛搡谯蹼钍铤姤嵘慵杷洌苁谲邕飴卣怩愰慊挈栲橀潯臁闱楸榧殚爰痨禛铌铛鬣刽庾廪柊桡泓鐘镭隷啉淦痧纘诜遛鏆锶佗唿嚦忸旃芟萜虢螳诮閑雮爻玷磬蚱蛏僳姞孑狍猢碴竵笤罹肱苌鎾镦叏掼栵濛縊翦讴鄯酢鲧卟啻噹瘿蓑铋楅滁犻狎穑筜脍蒀蓧衾赝颦鬻魃鲎叆叧夈恫悧扪椴楗漯舛蓼钚镓雠霰靥髡鲂嗥師搧蛩螫韪俎喔脘膈螛拋硪邳倞傩妤悕沭珛瘑瘮肓鄣鋈铄髁娿婵帼氩瓤缬舢苄褡铍俳叡咿弬殒沤煳稹繇耄蕙赭馕鹜寔湀玖琮畬畾聒茏酧錯镬傦喹枋皙蠖霁嘣妯帿彁烻畦绂垠姉毦汜節芮袤跫伀冿掔缛荨莠蓿蜇诒谠钹饽馥姳峥彘惇瘘矇脲蛉蠓遑遒鎏阗儆滐狅癳粖茁蚰赀郏锾阆阋馑乇侑囬尕弭忥怏晗滹稔篪腴莒踔镠鲆鲱鹳嚮徕悶旎槈泦窕艽蚦郪陉麂倨扦敯樽汻苣跗醯骛庀悆曡繚葆呎咤喟嗄愆洩玠眬矽粐聿苡诋谖鴙鹌鼍龀厝壂槁疃皴蔪薮迨鐮锷阕呶崴掾暀汩洰濺熲獬璟跎刕嵁彇曪杽殁湜玳甙笮芡蛐豕貉魰噫彈惂揿摁梴棬氶潗潺濯為焐箮粂薹螈衏銶鎱黾凫囫囵壹戗繙纛胛衩诖迯鉔鯪鸢嗑牴芊蘖蛄邈鐬铯颞餮骶僖嬗愎戕晷枡桉窈窨蝼郾铱儋劬噻粨舫菪蟑訇逶钪侬喅夤怄掞搿撻烇爲芫蔺蝮軓遨酆銐鐚钿傥嗲堋娍孾崋氤溼滓燮畠祆綍纡觯醤钎骧鬴宄湫硶笫筠缶耜芎锲閽阇喎悇旖毊牝竽箟肟踰邖鹬寲昉槿洜瘛眦砽硐芗芩褓轲鞫顼颛併圉嫢忝泠燫矸砆箧譙趄仨呓姒姟槊笥笱胍茱蚶讣赅邗錾髭嘫崐憡摢敮樸櫨狯玎砀籴膘莨襁赜钃闿龆唸尌崮帑昢暲柘碁苜裾觞诔嫭屙拊暍楫浞痂筮箓缗缧荩蟛鸮俦喾噘岌杼猗瑭皟稱钜镢鞒鲷鸷埗奂奭孬孱惤浘珙窬簳芤茴莘葭蒺谘踮鍫阒亃佘凼剼栾溧烊犄蔻豐赳饧悎挲潴炝亴伕勖厭囟婧旰濄狖珯碜粎菟蘅觳铉倓唳揆灉煅粼苤衽褳趔铙馗勐壘嬴屐嵴旆棗氪砣禨箙繍醪齑乜収庠愫柇柢涖炜盥睌矍笏翕芨荠讦辊鏊镅骱厣徉惀旈旸杲毖焓盱稗笀蠊褫蹩鍞鹁麸哕嗍崾柉氘窣笳粜糅綅荦虮蛲蛴钖韕刖喑搱楦櫄祇笸粝裢镊骜髼魉鸹亶噺尻敊疥秺艹菀葩詋鐓铔锞韫饫儹媸掕敼梏殫洵瀬牖碲缣踟醣铧锃闶嗻皑筶篦聩蚬钋锝陟髋亓廨彉愩揄栀樯猊籼紕耒胂蕈藌蚍蚡跆亣哌屻恽椼氅氙皥砗粦脣苴荏蚝蛘遢邋頫鲋巿敾枩氡潧疝癜睃磾篑簋菽趱顅駇坩堇妪崤庥徜戙掗殢汨淠甆瘉眙綝翳芄芏趿锒儕冦嘬埛塴奮摑枬桤榉碇禳肼蛞蛳跣蹰逋邝镟鹆儫唴彊昞梩棹橛渑潸濬磱簟绡胝舻薜诹蹠錝闼魍鲡鼙侪冼厔堞揎擘擽楙礩粷膑薏跖跹钁锕镒阌倝剳勰叚垙墿崡嵯怛旯朠氆潥猱瓿砇笄紡緟萸虁蛑誰镔靳髀叕悌憷抻旄棦樘氇湇溆溟溿蠎蠲褝赧逑遯閾髞啖垅媴抟掮旮枒汙簦粛羝羣莸轸釼颢亹伃儁叻嗌妽婽嫤嵬彟撱槲樗泅泚溏漁濙焱茭萒藿轫鄞釦铷隳鞴驽乗儗噌妳姛帔搷槼殇涫祦粯缯耂苸蚋裉钇吲噱塠崼撷敋昀樾砜綎觺訷阏仫伉垁埍彸忋捌晞暐朐滏疍砦窇笘糁緗編缏缦臬臺蚨锊垯埄埚帉帺憜栊樋欍毐浡濑熴矖紞綑菖蝰蟥诎邙閱丨伓噀噯姇媺棭済烨穰穸衿伲偬吋呒呲啿垏弶枈枳樉涠澍珶粓繎菡襕谇赉郫郯鑶铟阬馓髂鳟厠呫咩噾尰帏愍懔淯牸琊璈罴羿舃舥跶郦鎿铊佲俶倥垝姮峤崈怫拫揶曘杌梽檸櫎洸瓠疋筟羸耪葉蕓衄蹉酊錞鍡颀鹕鹚鼗喌嘞垨屸帓怙槻牬瓟痼瞾祉紦緥苒萁蓓蜱蜹谵鑼钌锓鞹幷挹敺桎桵樀檻氥溍潈猁獒琎璭瘺砩笕艉贽適锇鬩鬲鲖鲠鳏黧佻厖峄忪戢書榖氚畚眮砹硗窞罘逡锖鲀鸺仺伆倸劓囥垰巻廛擭暣曷潪狁珥疳碓笪箪紮绨胼舾莴螒蠼隰鹂哔夂姙寘嵆檗玘畖疔癯秾粌粭茚蒪虿蝾觚锸镧骺鲅鲽鸶叴吇吙囹垵嶷弝旻暅曢梃櫌渖湶灄焣瘯眳砙範粏茔菰蚑趺邩锩阍鞔餍饣髟鷁佶倬匚卂厤咻墉屌擿樷洳瀰爨猞獯琇瓴瘡縹羍藁蚐褟逯鐡钫靺鞲鬽魈鲳鹇麼咴啒圄塄嶃愦昴晢棝泔畛硖磔笊綈綦臑莪蓥蟊趵遄酞鐾鞨骓勨啋喁強悝懗柽湭潤炪瞽祢罽膲蜉蟢诼谳貫遺鐝钣鳐鶗黥侩儨匏嗉壃姦幛弢悛摝梕榇殣殳痤秫筇箶絃肷胴蓩蘼蚹蜮隹骻髌鸑鼹偂劭厶唣堃寳崏巯恂扠燹犴琤矉硦礇秷紒縺茛菅薡虺蛱豉踒踦骙哚姢姱嬁嬲崟帹廴殄溲痍瘝筦缋翥芈菔轳鐔镆餠齎侔傘僛刳劚啁啘堛岵彮懌斻暟枞栥櫃歃湓瘬砑窭竾粺艏荽諷貘鍣鑜铪鸸鹨剤哱嗏坶塏屣岜岪悒悭旒毬泱熘眻笾缍胨萷蕖薙鑨镛韣鹈黟吘垕埇墖墤弻捽擤暌柙檯潖潚犸琯疴眀砫窸竑笌箹紓紬緷縎耡芑苈菸褊轱醡鎝钂門鲣鲮鲲仝伥吖嚐埧堙嫨崉懜捭揵晠毽烺疖笟紩薨蝽蟪褃豇迓醍鎔钕铈髰鲭乬伒俜儎啓啛姄媪嫠幞徬拏暒梷櫓洙澂炤珒瓖砉秕筱肫艌茓薟袢裼谂跏軆錶飏驎體鮛鹼丶乪仉偁偛儳刿勗吣呖啭啹嚟姴庛愀懠敹梺浯湉牠犮獊瑄甠硇礋簻羪艋艨芉芘蓍仵偖叿坢埢奤媷嵇嵝彙彴枱歋泟珵畝疠癍筚箝篁肭蔛蠛袕诶醐鐍颱骘髎鲚鸲鹱鹾鼯鼷伅儐哏垡妭挙數昪暠棔欌潬煄猲畍癔碕纎胩膵舴薅裣谿蹻遬酩锍锘陬韹餝鲐兏刞嚯塩墽媿嫚尓尥掋枂椆橯殍炱熳瓘礌窳篌籀綆罷舳莳蒱薷覊谰豞豸跼邾鏮鲼麇黩龔仈伧偢匭唺嫪寀抍挢挦曛枘梖棻楘洦澉炅爞璝璣璮畈瘰皦皲硃碚碡祓罱腚荜藋蛸裥辚逖銎锱陼髹鬈偓僦儜剡啯戡朊棁熀獙瓨皁磲箬紪紱纻腠腩茤酃酽鈋铑雎鬯鹣仴傧儓內卬嘏坻墰嫒寕寷崱崲嵛弸彫憉拺敫暾栱槢湳灦狒瓥砲磙箜緳繯罟翚舸芴蜊輣郿頬颙飠鬵鲻鸫叁呔唵嚧囡圹埒嫱孲岿巶弡昃晣枥榱槔樁樆氍泫泷泺瀣煍璠畧瘇睷瞋粸胙苊逿邚酎锔镃骝黐仮們剎厓喱嫑惌惛掴桴毹泧洏潡珷璩瘷穨粙粴糨胬臢茐蕤蝣襻趮踜鍨鎳鐦铼镝頧伔倖僰儉勣參姵嫫扢楯槠湔溘煺痱眇睍矞罨耨莮薔蚠襦譺豳躅鄗骐髑鹋黻侎妁姪孎孥寶尃崰嵒嵫彞彾摐摥撄敉杅槗欹澘煸牂牚瑀瘈皒皻矬砘笣簵糌絜縯聣聱腝膦艚葯蘩蝨講蹐躧鏿鑉锴阃飝麴仟佰侂倛嚈埘妣姽嫾嬀寫屦恓憯懆捩摜暝桫槬橼殏潫燠玕琓礮箰紭胗艟莜葖蒎蘏蛜蜢踽醭銷闉乺儭凵劢哙哠嗾圷墡彿悱扆棌檮櫒殌氵泮泲潅澗牎獋瘎瘨瞏矀礠簠粩罿翮肀舯荸蒐蓣蕞觌豨軴辶醼釐鑿钘锿镎阯陽饄骟鮟鰱鱇伩倐倗傒刄圮婼寜屍崍崳嵎帤彶徼愒戆斝枹殗泶渫湹烜煖爭琰甓畀畋畑瘔睘窛竳籝絙緞縧萑蒗蝈趼蹓逭郜鉥鍌鏴陗靬颳鼩齆偦僗劄圯埅埡埭壙廆彌彔挒摷昰栌棓橦櫠湞滟潄潙潶煭煿獏盍硙祽粞繊茕菘蒹蓇藂谮赑踯鄏鄹鍤钅靣魟鲿鳀鹩黢齧傉剸唻噦噰垟壓姌姸巈巼弰徳悃挧摽昶枾浍瀯瀷烶稃筨籰菹萆蜣蜽螐觇跬辋鑋锪锬鞻項鹮麐仐偾冏卺喆嚒埜埞妲娊嫋寗崌崕崞崠嵂庘弇彍恹悥悰惁慄昺暚梶楮橓檷汷沆渘渟爣獨琬瓔痲皠眿祏秙稂窆筅筲箖粢纮罾耋舨蕹蘙訢許諎譞讠讬邶郐鑊铓铚锼镺飡黹亱仠伄伢兒剢劊哓坭垆寙尪幾悽拤拶搥攮椃檈檩檭櫤殛毚毵洊湝瑯疬療癋礻祫穬箤簞緝繝耧肜芠荑葸蠙衒襞觏譕貊跞輨迕迾逄邡郄鄜钄镄颼飑鵰麈丳來侉偐儲吶垐垶堉塖壸嫆嫈嫟宊岽崗崦嵄廵惔憞捇採摭昫暎暘曶棫榾洫璎畤瘹癃睚睶硩箨簭綊縍葳蒌蚺赓郤醵鍿韜顸颎飆骎鰃鲉鶹兕別劁啫噣娾嫄崸嵡嵮巂彖怍慓扌挄挰掎攉攵昖柦梌棙棯椐檫泭湣溾炻燉甏畩瘌睏砬祂笇箅篥篼緵纇缑脒脩腉芲莩蒕蕺蘋蚵衖贇邽鄘钐頞頠魆鯯鲴亜偗僇儌兌剀勔厰吂哿垪嫵尢崑憖敄暡曩梿椻橸浄渾溷漊潋爺牾珣珫瑪磥礊秅筰紤絒脁脔荰萋蓕螽訾諂貔郛醢銼鐕鑅锎阨霃飗驺髫鱀鲔鲕鳉黅黺侒俧呙喨嘡圼墭夆屭屺嵺嶁巟悡愛扱挼擐晥栻桷梮檞檠檶欷焜燊爛牳獈獍玡玢皘皧睆窀純緸翋舄菝萏蟟裎鄐鎲钔铫闬雓頃鱊鳢鼂儻凖厧吀哳噳嚇坼垊垽墊墝壄嬛巉惈慝懽戔戥搛晡晳査栝槒歠溽漽潌焗燐燔牻獫痠痵皞盉矙笎簮緹繋臜茼荇蓊蕬薤蟭衤褎覈跂轾酤銲錱鐇镪颟馇骖鬡鲝鵖鵽鷶鸰齙亰伡佉卻厡哞唨唹喦埓堠墧妧嫃宮屳廒彳徍惣搰攧攲敗昩朘杧梘棐椓橷檎檺洧浈溞焺焼獞琍疁稶笓箇簰粧糇縼耓腘艔苾茆蚇蝓袪裒趎軃酹銻阚阝韘颡鮤鲞鳚鹡亻伛伝伬倧劙坌埁墼壈夨姈婳尐廑徆徎恊愔挓攱晽曌朷杄枵殧汆洇涒淸渰潲濃煁獁瑴瓊甗畎痎痳瘜眘眵砟祻禆粫綖緛罍罼羑舡荝莛蕍蕻術袼襝貀車迍違遹邨郷鎀鎑題颃颥駛骀鸔麜仼儷兩噁嚩坜埥埮墺宑寧尗尞尨屄帰帶彃怈掊搨摵敟朓朾杪柨榍樨櫆櫜殕沖洀洃洑潎濩灊灖炟熯爾狴猂獃獥獴玦瘕癚眴瞼硭簾籂籥緬羶脥苘菃葜蛖蛡蟝觔謆蹀躦遊邠酖酡醨鉨钲隄霺騍鱏鲏鳁鳑鳓麕麹麿丌乂偩儊冓剠剦嚌姎姷媖媰嫓宬寖尅崒彺怃惥愘懇懙扞挗揝搫摱昝杚杛柤柭柰桜棆様檜檰櫡歜渿湕準漡瀻瀼爫狝狺琨甍産睇睥睪瞵碔箠簥糗網繌缵聀聤肐肙腄茌衯裈襜觜詆誯豽貥軏轠迴邅钭铦雩鞬顒颭駹騄鮣鰕鳛鶊鸞鹛齋丟亞俰個僬厫叜哜啣啺噧団堀塚妏妱姠嫙屬崯嵸嶛帾幆幏幗廾弳忊忭怿恅恲惝慂扃扜扤拻揲摋摟攼敩暸枼桾棽檿洈渆渷滢潩瀺狨玁瘖皤盌眢矊矝砊磶礂礽祴穇竆笩箁箘箻簃簣糸翄苺荛菴葚蓠蜩螵袴裃讉豊赙踬蹽蹾躟轺酫鈇钆钷铗閤陧靦鞶驫骕鮋鯵鼢伣俛俢倢倮冑剕劘匋匼吽喈嘾噍噭圗垗埑埕埝墛墷媠崪嵏嶒巜幹徂悏悐愨慴憚拡揾撧撯攽敇敥昬晱柝桺棇棨椇榸槅槮槰檽櫕歛殂汧沩洶漅潣烀焪熌犰狳珺瓕瓩疐瘏瘗癀皷盦眭眹矌硁碻礅礞祾祿穅窾箎紨紳絫緡緩腙腷菓葶蔸蘘蚃蚥蜋螬褔觋詁諅貅貍跽踥踲鄤醄釪鉻錡鎉鎡铒铕锠锫镈開陣鞮飖餗鬾魚鯭鯷鯼鴢鵣鶺鷇鸻鹎鹹仯倲偤價匽厀圢垖垤埴塍墸壍奓妘姡媯嫀嫜屃崁帍廋怘慸抃挋挌揠曗杸枨柷梲棪棴椦樃樐檒檵殭殰沚泒浛湨漈瀀烝煕牁犏犫玝珜璿畞痝眝矧砼穽竫笐箑簷粣綏繲缊翀耑聃茺莋菥蒫蔕蜾蟼蠃蠋裛褙覻訬詮赆趆蹁蹡躡躷轘轹辧遘釭鈈鈒鍅鐟铻間顆騃骯鮄鳶亊伾俇倻偀偉偍偪偯偼僆僈僓剋剷劖國園堚報塵姁媁媵嫿嬧寣尮屜岙岾峺嵕嶽巖幒廲忞怱悺悾惽愞憍曯枏枠栟栳梑棜槯欻殩毳汭決泃泐泖泤煙燏狢珉珽琫璆瘒瘲眄睮睺礲祅祼禐秱筌籓籔粊粶纔羼聛脃舣莶菻蔟蚳螗螿蟦衕裀謤谞躐躞軶轵迺酺醠鍾鎗鐎隈飲騠骃鬘魜鮺鸓鹟鹢黚並乕亷佾俵倉倠倹偧傺僝僽凈刓剒剚劎呪咷啅啢喣嘚嘢噴埶塨墁壋壎奼嫝嬝寃寽屆峱崜嵑嵚嶡巇帎彅徑徯恇悳悷慇懞抆抔捊搆撙撢擗攞攣敜敧旛昑曨會枴柕梡楖橥櫁櫈歍洴湲湼澒瀿焞焮燋燿犋狷玟玥珌珏珦現甕痦癈癎癥皰眍瞮瞺碂祬禋秴秹稊稸穄穼笍笚箥簑簢絛緭縴繂繈纩耢耩肦胵腡舭葟蓁蔭薢薳薽藛藨蘧蚫蟁蠀蠔蠵衊裯觱詎跅跱踡踳遼邲邴郇鄫酾鉩鋆鎚閏陳雲鞗韗餔鰐鲦鳂鸜麥齍佇侁偑偭傢僼儙児兠凍刬刭剻劋劼卨叇唃唲坆坈坫埉埏埵堍壷姃姭嫥孃尙尟岧峸崅嵃嵉嵿巹廚徢恵悀悅悙惓惸愌愱憟憺懍拃捃揌揸敳斠晬曆朮杙枆枧枲柣栤檇檪櫔櫥櫦殽洨浂溄滉滘潨潿瀽灜灮焃焄煋煬狓猺獌獓瑮璪璬甦瘊瘋瘐瘼皡皼盩眚睅砋砕碏磼礓禥禩秮競筘箼簛級經緤縦繑绹罣耱耵膭臞與茑荖葙蒡蔵藦虓蛬蝟蝻袓襛襬親訳詝諛證譚豴贶踠踣躘邘郞鄠鄩酂釱鈰鉤鉲鑍铥镥閣閯阘陔霣靹靿鞸預餬餽骍魀鱚鱩鲾鶒鸂點黮齁齣龁丗乴仜俉俥倽偆偲僜儇凗凮剺匜匬厹吔咹哻唎唼啲嚕嚳坧垧塯墕壌姖媋嫎嫧孓宐宔專尋岈岼峘峯崙嵐嵧嵵嶫巰帬弒弤彥忬悫惞惢慾憗憝憸戬拠挜挴掭掯換搮搯搸摅摦敁昚暁柗柧柼桄梣椯榿槱槺橚檹櫚欉毎毞渼湯溇滠滱滺漶澃澌瀴灒炩焴煴煹燾爢牥猚獘珎珧琿瑆當痄瘆癇皣皪睵瞀矡硸磃磝磭祵祹禖禵秗穉穻筻簏籤結絷綵緶縖繆繉耖耰脞臇舁舓舺芵莰蓨蔹蜎蝤螋螼蟘誜譎資躄逎這選邁郕鄮醎鋐鋕鋱鎛钬铹镤镨閆閴霤霨韂頷飄餘饛饹馘駕騟骦鬐鬶鮈鯒鱂鱓鱡鲃鳒鳡鳷鵚鹠鼱乢乥亂亝伈伋伖侜侤倣偄偔偫僄僡儰兗剗剟卙吷咈咾啑嗞嚊嚨囓坙夼奡妶妺姫娮媱媹孈孖孞學寈寑専尶屪岍崊嶎巎巘帡廌弴彡徧忮恠惙惡愜慹憰憲抁抴捰揜揹搇搤搲摀摤摬撦擝擣攪攺敔敠敭敻斀斨時暻曂曧朄朙朡東枅柮栄桚梇梈梉棅棊棥棧楡楽楿榌槀槙槜樂標欸殮氂氕沘沬泆洣湻溓漷瀍灝灪煃煼燻牐牤犭犼狃狉狥獂獎瑇瑱甪疂疰痀痖痟痷痾瘅癕皾睖瞓瞢矱硾祩禂稾笡筩筴篯簝簱簹簽籚籹糲糺紙絈緫縠縿繓纍羇羕翑翣翫耊聄聍脰腫腽臌臿舖菾蓐蓰蔀蔌蕁藷蘗蘭虩蛒蜑螓螠蟰衚褱襪記諡謷讒诐诪谫賁贳踚蹧躜輂輶轓辦迆迮過鄚醑醰鈚鋁鎌鏬鏯鑤锧镱镲镴隞霪鞳颋馃骲髽鬨魎鰯鴂鴃鴞鶱鹲麞黃鼇鼪齄乊乸佀佔係俍俤俬倅僥儠儦兊兓則剛剨吥咵咶員唄啝嗢嘯圖圞坵垍埖執堺塙塻墑墣墹壆奯姂娂嫏嫛孭孮寯屫岤峅峛峫峵崥嵙嵪嵷嶊嶜嶝嶳巔巺幃幉幵庳廱弖從徰忦怗怣恈恜恧悂悮惖惲愅憪戋扵抎拑拹挳捀搕摠攁敎旡旲晧暭朏杁杻枓枿柲桲桸棖棷棼椀楜楢楪槧槨樑檼櫋欄歲殦毀汔浬渙滗潠澥炢焇焤焻煂煆煠燁燭爇爜牀牏牭犛猃猄猉瓌瓍畯異痭瘧皕皳盝眊眑眜睉瞈矓矻砅硻磡祃秼稛穀窋窓竈箏箒箷篚篲糣絁絏絺綉綮緲縢總繄纟聯胠胾膙臡舉芓茝荬菉薑薗薾虛蛃蜺蝀蝥袆襨觝觫請譩譾變谹豟財費赒赕趑跡跩踄踺躻軹輈迻鄃鄷酲醅醕鈪鉠鋹鋽鎁鎈鏐铇铽镩長閟阽陞霅靸鞞須頢顗餂馂驩驵髃鬏鮊鱑鱵鱺鲒鲹鲺鳘鳾鴗鴡鶑鸤麩麵黉龠乭亀亖仱仾伱佡侚侳俽倕偒傃僑儤優儵兾冂冝冣処刜刼勅勌卍厑厞厬厱厺厼吿呣唞唪喕喚噕嚂囮圚圫圬坹垇垉垴垷垺塢塸墎墥墬墵娀婍媉媼嫮嬎嬚嬾宭宱宷対岕峆峗峚峝峹崓嵍嵖嵟嵦嵶嶐嶓嶔巙巵幖廕弉彣徺忄忈怬恆恎恛悈悑悘悹惃惄愾慁慺憐懅懝戀戰戽扺抺挸捒掤揞搹搾摓撖擔攨旉旼昐昣暃暆暩曖曺曻朂朒朣朸杘杹枻柁桱梤棳椚椩楊楐楒榀榤樚樫橏橑橜橪櫀櫶欔歀歂歷殪殬毌毪沒沨沵洅淉淛淥測渮湦漑漴潆潏潑潱澊灘灚灠炈烼焋焌焑煀熥牞獆獝獡獦獪玙珓珘琘琺瑩璊璥璵瓉瓏瓐甒畭瘚瘞瘳癁癝癱皹眔睄硠磖磻祔禊禌禦稜笭筼箦箾糈紅紛紣綒繜繼羅翈翛脋脎脬腗膌膒苰莣葀葇蒉蒷蒾蝕蝲螲蠠衎衠袾補裡褭襀覩覷訑謡識豀貇貼趙躔軍軎郗鄅鄡酻鈶鉏銙錬鍬鎓鑐钶铞镘閚阠阼陯隭雙雟電霩靊韈顔類飼饉饤馿駁騕騰骒骣髙鬰鯾鰏鰶鱥鱽鲊鴴鵩鹐麣丬丱乵亽仳伻佮侭侲侷侸侹俫倴偊偙偟偮偺傑傫傭傯傽僌僢僪僿儂儛儣冁冃冇冐冫凊凒凞凱刡剹勠勷匂匟卐卲厗厲吅吜吪吰呂呟呾呿咍咮唈唙唫唶唽問啙喓喤嘓嘦嘳噇噉噿嚘嚚囌囍図圌圧坋坥垔垘埐埳埸堎堦塭墐増墘墶墻壜壼奱妬妴娖婑婠媟媮嫅嫗嫞嬅孉孫寎尡尳屇屘屟屩岞岶岺峂峖峜峩峼崘嵓嵨嵹嵻嵽嶀嶟巣帞帢帲帳幊幪庅廄廗廸弎弔彯彽忁忲忳忺忼怞怟怢怲怳恑恔恟恥恴悁悪悿惎惐愊愓愢愴愻愽慘慥憶懓懟懬戤抂抅抇抶抷抾拞挬挷挻捯捲捵掿揳搋搌搘搢搣搳搼摛撗撚擩攢敂敪斃斲斵旳旴旹昸晇晈晛晹暬暿曍曓曱曵朻杇杔杕杢柌柍栘栰栺桊桟桮桹梊梪梼棄棑棛棡棸椔椙椛検椞椠椸楆楛楩楰楺榅榑榦榼構槚槴槶樇樏橁橆橔橞橫橳檑檘櫐櫖權欋欿歩歭歰歸殔殠殨殻毘毿氈氌氜氹氿汈汋汳沄沑沲沴泇泝泩泴洉洎洘洯浝浥浰涷淏淜淾湋湑湬溩溫溱溵滿漮漸澣澨澭澲瀭灔灛灥灨烖烗烱烴焏焧煟煯煻熂熅熇熖熽燈燝爌牘犇犨狔狟狤狧狶猡猧獉獕玆玈珡珴珹琡琣琱琲瑔瑝瑳璡璫瓚瓞瓭甇甡產甴畷疇疪疭疶痌痡痩痺瘓癉癊癙癡發皩盧盨盬眐眛睜睟瞍瞚瞡瞶矘矟砠砪砮硋硔硿碩碫磉磒磠礤祰祲祳禕禠禮秏稒穠窎窹笧笯筈筎筢簖簙籕籙籲粵粻糢紀紜紲紴絋絍給絧統続綷緌緐緒緜緦緪練縌縕縗繐續纚缐羖羛習耣聢職肞肬肸胔脌脤腦腯膅膞膪臮舋艴芺苭苽茇茞茦茳菎萣萩萵萹葎葧葴蒟蒻蓏蓺蕫薈藠蘝蘠虵蚚蜞蝪螇螢蟕蟚蟜蟲蟷蠴衆袝裩褌褖褧褵襌襤襲襼覇覤覰覲觿訄訚詀詅詟詨說誹諠謃謭譆譟豝貎貞貤贊贏赇赪赬赻跧踆踕踖踧躂躖躭軂軠輳轉轣迋迒逴達遝酕醜醲鉢鉷銾鋘鋚鍉鍼鎎鎩鏸鐀鐄鐶鑞铴镡镵閒閧閺關阛阢雘雡離難雼霑霫靆靉鞀鞓鞚鞿韡韥頂頑領頤頵顊顖風颺颿飊飐飪餞餧饐饘馌駮駰騑騺驍鬅魊魣鮀鮌鮻鯈鰛鰾鱤鲪鳦鴏鴐鴒鵐鶿鷈鷋鷭鷯鸛鸝鹀鹓鹖鹯麰黒黙黡黪黵鼕鼴齇齛齸丂丆丒乀乹乻亗仌伨伷伹佖侌侓価侶俓俕俻倀倁倈倰倱倵偘偞偱側傄傇傐傤傪債僅僘僺億儍儔儢儧儸冞冡凔凘凨剄剞剮剴劂劦劵劸勝勻匴卌卩厐叅呑呠咅咇咥咼哃哖唖啂啎啱喛嗂嗶嘷嘼噑噲噵嚖嚗嚱囏囗囝圊圓團圥坒坔坕坘坮垀垑垞垼埤埪埬埱埼堅堌堐堨場堼塓塶塷墏墚墳壀壖夁夢夬夶夾奌妅妎姯姺娙娭娽婌婒婰婻媜媦媭媶媽嫰嫸嫼嬋嬠嬢嬤孆孊実宩寠寬寱將導尛尣尩尭尵屝岅岴峍峎峟峴島崨崬崹嵅嵗嵜嵾嶖嶞嶲巛帗帠帨帯幎幑庉庼廁廂廙廝廠廡廣廬廭廽弌弍弨弪彎彵従徝復忇忣忶忷忹怊怭怶怹恄恉恞恦悵惏惪愃愇愖愙愝愲慀慅慆慜慫慱憦憻懫懭懱戉扥拝拲拵挏挮捨掆掛揯搊摙摲擊擴擻攠攦攬攭攴敀敚敨昈昛昿晅晪晻晿暋暢暵曁曎曤曫曮朚朲杋杫杮杴枖枦枺柀柋柒柸栒栔栕栛栴栶栿桯桰桼桽梎梙梜條梠梫棏棲椄椊椖椗椝椡椥椧椫椺楇楏楟楬楱榗榣榬榳槍槞槥槩槷槹樄樓橮橾檅檝檢檾櫅櫟櫹欆歘歳殝殤毝毤氼汎汸汿沋沜沞沰泋泑泬洂洍洡洤洭涽淒渞渳渹湈湐湠湢湥湸溎滙滲漤漭漼潳澇澏澖澛澴濸瀘瀝灂灍灎灟炁烏無焫焸焹煏煥煾熋熒熚熧熱燪燺爊爧爼牮犎獚獜獰玗玚玞玪琗瑍瑑瑺瓄瓛瓪瓫甃畊畢疀疎痐痚痬瘵癑癗癧癨癮癶癹癿皽盡監盪盫盻眓眥睱瞆瞇瞦矁矑矴矼砵硞硧碞碹磹礙礝祋祒祣祪稌稧穋穜穭窢窻竃竊竘竝竸竼笜筆筊筳箲篂篔篴簚籆籇粔糵紁紆納紗絀絕絩絪絯絲絶綃維綱縉繸绤缲缳缼罉罝羆羋羓義羱羳翃翉翬耠脧腂膆膴興舲艍芣苖苢茈荈荙莙莝莧菂菋菍菼萬葹蒍蒖蒢蒨蒩蒭蒼蓂蓋蓎蔊蔣蔨薥薫薸藥蘆蘍蘨虀虠蚖蚢蛪蜛蝱螘螱衦袊袞袲裚裝裿褀複觛觬訉訫訴詩謒謦謩譔譭議谻豬貒賛贌贔赥赾趷蹅蹏蹟蹫蹯蹱躍躱軋轂轑辬迠連逧進遠邆鄴鄼酴醈醫釈釚釿鈛鈤鈴鉅鉧銀銃銊銿鋬錏録錻鍱鎒鎞鏱鐠鐵镋閉閘閜閥閦阓陁陰陴隓雱霿靜鞁鞏鞦鞧韁韽頭顃願顠顯颣飤饸饾駃駉駔駤駬騂騊騢驲髝髬髮髳鬥鬬鮝鮨鯺鱗鲙鲰鳋鳣鳴鴪鴭鴷鵏鷃鷉鷓鷟鸊鹍鹥麅麑麖鼲鼸齉齌齡龜丄丅丏丠両丣丩丮丯丵丷丼丿乁乄乆乑乚乛乣乤乧乨乫乮乯乲乶乷乼乽乿亁亄亅亇亐亙亠亪亼仂仏仒仚仢仦仧仩仭仸仹伂伇伌伜伭伮伳伵伿佁佂佄佅佈佊佋佌佒佢佦佧佨佪佫佭佱佴侅侇侐侕侖侘侙侞侟侢侫侰侱侴侺侻侼侽侾俀俁俆俈俋俒俖俙俠俲俴俷俹俼俿倂倃倄倆倇倊倎値倫倯倳倶倷倿偋偝偠偡偨偰偳偵偸偹偽傁傂傆傊傋傌傎傏傓傔傖傟傠傡傮傰傱傳傴傶傷傸傹傼傾傿僀僁僂僃僉僊僋働僎僐僒僔僕僙僞僟僠僣僤僨僩僫僯僱僲僴僶僷僸僾儀儃儅儈儑儖儘儝儞償儥儩儬儮儯儱儶儺儼儽儾兇兎兛兝兞兟兣兤兦兪兯兲兺兿冄円冊冋冎冔冖冘冚冟冱冴冸冹冺冾凁凂凃凅凎凐凓凕凙凚凜凟凢凣凥凧凩凪凬凲凴凷凾刅刉刋刌刏刐刔刟刢刣刦刧刪刯刱刲刴刵刾剆剈剏剓剘剙剝剣剫剬剭剱創剶剾劀劃劆劇劉劌劏劐劑劒劔劕劗劜劤劥劮劰労劶劷劺劽勀勁勂勄勆勈勊勍勎勏勑勓動務勚勛勜勞勡勢勥勦勧勱勲勳勴勵勸勹勼勽匁匃匄匇匉匊匌匎匑匒匓匔匘匛匞匢匤匥匧匨匩匫匯匰匱匲匳匵匶匷匸區卄卆卋協単卛卝卥卪卭卶卹卼卽卾厁厃厇厈厊厎厏厒厙厪厯厳厴厵厸厽厾叀叄叐叒叝叢吚吢吤吳吺呁呄呅呇呉呌呍呏呚呝呞呡呥呧呩呹呺咁咉咊咑咓咗咘咜咞咟咠咡咢咰咲咺哅哋哘哛哢哣哤哫哬哯哰哴哶哷哸哹哾唀唂唅唊唋唌唍唒唓唕唗唘唚唛唜唝唟唡唥唦唩唭啇啈啌啍啔啚啞啟啠啨啩啳啴啽喍喐喒喖喗喞喠喡喢喥喩喪喫喬喭單喯喰喲喴営喸喺喼喿嗀嗁嗃嗆嗇嗈嗊嗋嗎嗠嗩嗮嗰嗱嗴嗸嗹嗺嗼嗿嘂嘃嘄嘅嘆嘇嘊嘋嘍嘐嘑嘒嘔嘕嘖嘗嘙嘜嘝嘠嘥嘨嘩嘪嘮嘰嘵嘸嘺嘽噂噃噄噅噆噈噊噋噏噐噒噓噖噚噛噝噞噟噠噡噥噮噽嚀嚁嚃嚄嚆嚉嚋嚍嚔嚙嚛嚝嚞嚠嚡嚢嚤嚥嚪嚰嚲嚴嚵嚶嚸嚹嚺嚻嚽嚾嚿囀囁囂囃囄囅囆囇囈囉囋囎囐囑囒囕囖囘囙囜囯囲囶囸囻囼圀圁圂圅圇圍圎圏圐圑圔圕圙圛圝圠圡圤圦圱圲圴圵圶圸圽圿坁坄坅坉坓坖坣坬坰坱坲坴坸坺坽坾坿垈垌垥垲垳垹垻垾垿埀埈埊埣埦埨埩埫埯埰埲埻埾埿堁堄堈堊堏堒堓堔堖堗堘堧堩堫堭堮堯堲堳堶堷堸堹堻堽堾堿塀塁塂塃塅塆塇塈塉塊塋塎塐塒塕塗塛塜塝塟塡塣塤塥塦塧塪塮塰塱塲塳塹塺塼塿墂墄墆墇墈墋墌墔墢墪墫墯墱墲墴墾壉壏壐壔壗壚壛壝壞壟壠壡壢壣壥壦壧壨壩壪壭壯壱売壴壵壺壻壽壾壿夀夃夅夑夒夓夗夘夝夞夠夡夣夦夰夲夳夵夻夽夿奀奃奅奆奊奍奐奒奙奛奜奝奞奟奣奦奧奨奩奪奫奬奰奵奷奺奻奾奿妀妉妋妌妐妑妔妕妚妛妜妝妟妠妡妢妦妰妵妷妼妿姀姅姍姕姧姰姲姶姼姾娋娎娏娐娒娔娕娗娚娛娝娞娢娤娦娧娨娪娫娬娯娰娳娵娷娸娹娺娻婈婋婎婐婓婔婖婗婘婙婛婜婝婞婟婡婣婤婥婦婨婩婫婬婭婮婯婱婸婹婾媀媂媃媄媅媆媇媈媊媌媍媎媏媐媑媓媔媕媗媘媙媝媞媡媢媣媤媥媧媨媩媫媬媻嫇嫊嫐嫕嫬嫯嫲嫴嫶嫷嫹嫺嫻嫽嬂嬃嬄嬆嬇嬈嬊嬌嬍嬏嬐嬑嬒嬓嬔嬕嬘嬙嬜嬞嬟嬡嬣嬥嬦嬯嬰嬱嬳嬵嬸嬹嬺嬻嬼嬽嬿孁孂孄孅孇孋孌孍孏孒孠孡孧孯孶孷孹孻孼孿宂宆宍宎宒宖宧宨宯宲宺宻宼寁寉寊寋寍寏寛寢實審寪寭寴寵尀對尒尜尠尦尫尲尷屒屓屔屖屗屚屛屢層屧屨屮屰屲屴屵屶屷岆岇岉岊岎岏岒岓岝岟岠岡岥岦岨岮岯岰岲岹岻峀峃峈峉峊峌峏峐峑峓峔峕峠峢峧峬峮峲峳峷峽峾峿崀崝崢崣崫崵崶崷崺崻崿嵀嵔嵞嵠嵢嵣嵤嵥嵭嵰嵱嵲嵳嵼嶋嶌嶍嶑嶕嶗嶘嶚嶠嶢嶣嶤嶥嶦嶧嶨嶩嶪嶬嶭嶮嶰嶱嶴嶵嶶嶸嶹嶺嶻嶼嶾嶿巀巁巃巄巆巊巋巌巏巐巑巒巓巕巗巚巠巤巪巬巭巸帄帊帋帒帟帣帥帩帪帱帵幀幁幈幋幍幐幘幚幜幝幟幠幣幤幥幦幧幨幩幫幬幭幮幯幰幱庁庂広庈庌庍庎庒庩庪庫庬庮庰庱庲庴庺庻庽庿廀廃廅廇廈廍廎廏廐廔廘廜廞廟廢廤廥廦廧廩廫廮廯廰廳廹廻廼弅弆弐弙弚弜弞弣弫弮弲弾弿彄彆彋彏彐彑彚彠徏徔徖徚徛徟徠徣徤徥徦徫徱徲徴徶徸徹徻徾徿忀忂忉応忟忢忨忩忯忰忴怇怉怋怌怐怑怓怚怤怮怰怴怷怸怺怽怾恀恌恏恖恗恘恝恡恮恱恷恾悋悞悢悤悩惍惒惗惱惵惷惻惼惾惿愂愄愋愐愑愗愡愥愳愵愷愸愹愺愼慃慉態慍慏慐慒慔慖慗慙慚慞慟慠慡慣慤慦慩慪慬慭慮慯慲慳慶慻慼慽慿憀憁憂憃憄憅憆憇憈憊憌憏憑憒憓憕憘憙憛憠憢憣憤憥憫憭憮憱憴憵憹憼憽懀懁懃懄應懎懏懐懕懖懘懚懛懢懣懤懥懧懨懩懪懮懯懰懲懳懴懶懷懸懹懺懻懼懾戁戂戃戄戅戇戓戧戨戩戫戭戱戲戵戶戸戹戺戻戼扂扄扅扊扏扐払扖扗扙扚扝扟扡扨扲扴扷扸扻扽抈抋抌抏抐抙抜抝択抣抦抧抩抪抭抮抯抰抲抳抸拀拁拕拪拸挀挃挅挆挊挍挐挔挕挘挩挭挱挵挾挿捁捄捈捑捓捔捖捗捘捙捚捛捜捝捠捤捥捦捪捫捬捳捴捸捹捼捾捿掁掃掄掅掙掚掜掝掟掦掫掱掲掵掶掹掻掽揀揁揂揃揅揇揈揊揋揑揓揔揕揗揘揙揚揟揢揤揥揦揧揨揫揬揮揰揱揷揺揻揼搃搄搈搉損搎搑搒搖搗搙搚搝搟搩搵搶搻摂摃摉摌摍摎摏摕摖摗摚摡摣摨摪摫摮摯摰摳摴摶摻摼摾摿撀撁撃撆撈撉撊撋撌撍撎撏撐撓撔撘撛撜撝撟撠撡撣撥撨撪撫撽撾撿擁擃擆擇擈擉擋擌擏擑擓擕擖擙據擛擜擟擠擡擥擧擨擪擫擬擮擯擰擱擲擳擵擶擷擸擹擺擼擾攂攃攄攅攆攇攈攊攋攌攍攎攏攐攑攓攔攕攖攗攙攚攛攜攝攟攡攤攩攰攳攷敃敆敍敐敒敘敡敵敶敽敿斄斅斆斈斉斊斍斎斏斒斔斕斖斘斚斞斢斣斦斪斬斮斱斳斴斶斷斸旊旍旐旑旔旕旘旙旚旜旝旞旟旣旤旪旫旵旽旾旿昁昄昅昋昍昒昗昘昜昡昤昦昮昲昳昷昹昻昽晀晄晆晉晊晍晎晐晑晘晙晜晝晭晲晵晸晼暈暉暊暏暓暔暕暙暛暜暞暤暥暦暪暫暯暰暳暶暷暺暼暽曀曃曄曅曇曈曉曊曋曏曐曑曒曔曕曣曥曬曭曽朁朅朆朇朌朎朑朖朜朞朢朤朥朧朩朰朳朶朹朼朿杊杍杒杗杝杣杤杦杶杺枀枊枍枎枑枔枙枛枤枮枽柂柃柅柆柈柎柖柛柡柪柫柵柶柹柺柾栁栂栃栆栍栐栙栚栜栞栠栢栣栮栯桇桋桍桏桒桖桗桘桙桝桞桪桬桭桳桻桿梀梂梄梋梐梒梔梚梛梞梟梥梬梱梸梹梻棃棈棎棞棟棢棾椉椌椏椑椕椘椢椣椨椪椬椮椱椲椳椵椶椷楈楉楌楍楎楑楓楕楤楥楧楨業楲楳楴極楶楻楾榁榃榊榋榎榏榐榒榓榙榚榝榞榟榠榡榢榥榩榪榮榯榰榲榵榶榹榺榽槂槄槆槇槉槏槓槕槖槡槣槤槪槫槳槵樅樈樌樍樎樒樔樕樖樛樜樝樞樠樢樣樤樥樦樧権樬樭樮樰樲樳樴樶橂橃橅橉橊橋橌橍橎橒橕橖橗橝機橠橢橣橤橧橨橩橬橭橰橲橴橵橶橺橻橽橿檁檂檃檆檉檊檋檌檍檏檓檔檕檖檙檚檛檟檡檣檤檥檦檧檨檱檳檴櫂櫇櫊櫍櫏櫑櫗櫛櫝櫞櫢櫣櫩櫪櫫櫬櫭櫮櫯櫰櫱櫲櫳櫴櫵櫷櫸櫺櫻櫼櫽櫾櫿欀欁欂欃欅欇欈欕欖欗欘欚欛欜欝欞欟欥欦欨欩欪欫欬欭欮欯欰欱欳欴欵欶欼欽歁歄歅歈歊歎歏歐歑歒歓歕歖歗歚歝歞歟歡歨歫歬歮歯歱歴歵歶歺歽歾歿殀殅殈殎殐殘殙殜殞殟殥殯殱殲殶殸殹殺殼殾毃毄毆毇毈毉毑毜毟毠毢毣毥毧毨毩毭毮毰毱毲毴毶毷毸毺毻毼毾氀氁氃氄氉氊氋氎氒気氝氞氠氷氺氻汃汄汅汌汍汏汑汒汓汖汘汚汢汣汥汦汫汬汮汯汱汼沀沇沊沍沎沕沗沝沠沢沯沶沷沺泀況泂泈泍泎泏泘泙泜泹泿洆洐洔洕洚洝洠洢洬洷浀浌浕浖浟浢浤浧浨浫浭浱浲浳浵浶浹浺浻浽浾浿涀涁涃涄涆涇涊涋涍涏涐涥涬涭涰涱涴涶涹涺涻涼涾淁淂淃淈淊淍淎淐淓淔淕淗淚淟淢淣淧淩淪淭淰淲淴淵淶淺淽淿渀渁渂渃渄渇渉渋渏渒渓渕減渜渢渦渧渨渪渱渵渻渽湂湆湊湌湏湒湙湚湤湧湩湱湷湺湽溁溈溊溋溌溑溒溔溕溗溙溚溛溝溠溡溣溤溦溨溬溭溮溰溳溸溹溻滊滌滍滎滒滖滛滜滝滣滧滪滫滬滭滮滯滰滳滵滶滷滸滻滼滽滾漀漃漄漇漋漌漍漎漐漒漖漗漘漙漚漛漜漝漞漟漢漣漥漦漧漨漬漰漲漵漹漺漻漿潀潁潂潉潊潐潒潓潔潛潝潷潽潾澀澁澅澆澋澐澑澓澔澕澙澚澝澞澟澠澢澤澦澩澪澫澬澮澯澰澱澵澷澸澺澻澼澽澾澿濁濌濍濎濏濐濔濕濖濗濘濚濜濝濟濢濣濤濥濦濧濨濪濫濭濰濱濲濳濴濵濶濷濹濻濼濽濾濿瀁瀂瀄瀅瀆瀇瀈瀉瀊瀋瀌瀎瀏瀐瀒瀓瀔瀕瀖瀗瀙瀜瀞瀟瀠瀡瀢瀤瀥瀦瀧瀨瀩瀪瀫瀮瀱瀲瀳瀶瀸瀾灀灁灃灅灆灇灈灋灐灑灓灕灗灡灢灣灤灧灩灬灱灲灳灴灷灹灺灻災炂炃炄炇炋炌炍炏炐炑炓炗炘炚炛炞炠炡炣炥炦炧炨炾炿烄烅烆烉烋烌烍烎烐烑烒烓烔烕烚烞烠烡烢烣烥烮烰烲烳烵烸烾烿焀焁焂焅焆焈焍焎焒焔焛焝焟焠焢焥焨焩焬焭焲焳焵焷焽焾焿煈煉煐煑煒煓煔煗煘煛煝煢煣煪煫煰煱煵煷熁熃熆熈熉熍熎熐熑熓熕熗熛熝熞熡熢熣熤熦熩熪熫熭熮熰熾熿燀燄燅燆燇燌燍燑燒燓燖燗燘燙燚燛燜燞營燡燢燣燤燦燨燩燬燯燰燱燲燳燴燵燶燷燸燼燽爀爁爂爃爄爅爈爉爋爍爎爏爐爑爒爓爔爕爖爗爘爙爚爝爟爠爡爤爥爦爩爮爯爳爴牃牄牅牆牉牊牋牑牓牔牕牗牜牣牨牪牫牰牶牷牼牽牿犂犃犅犆犈犉犌犐犑犓犔犕犖犗犘犙犚犜犝犞犠犡犢犣犤犥犦犧犩犪犽犾犿狀狆狇狊狋狌狏狑狕狘狚狛狜狣狦狪狫狵狹狽狾狿猀猅猆猈猋猌猍猏猐猑猒猔猘猙猟猠猣猤猦猨猭猯猰猳猵猶猸猹猻猼猽獀獄獅獇獑獔獖獛獟獢獣獤獧獩獮獱獲獳獵獶獷獸獹獺獻獼獽獿玀玂玃玅玊玌玍玏玐玒玓玔玜玣玤玧玨玬玭玱玴玵玶玸玼玽玾玿珁珃珄珆珇珋珔珕珖珚珝珢珤珨珬珱珳珸珻珼珿琀琁琂琄琈琋琌琑琒琔琕琖琙琜琝琞琟琠琧琩琭琷琸琹琻琽琾瑂瑃瑅瑈瑉瑊瑋瑌瑎瑏瑐瑒瑓瑖瑘瑠瑡瑢瑣瑤瑥瑦瑨瑫瑬瑲瑵瑸瑹瑻瑼瑽瑿璂璄璅璉璌璍璏璑璒璓璔璕璖璗璙璚璛璢璤璦璯璱璲璳璴璶璷璸璹璻璼璽璾瓀瓁瓂瓃瓅瓆瓇瓈瓋瓎瓓瓗瓝瓡瓬瓲瓳瓵瓸瓹瓺瓻瓽瓾甀甁甂甈甉甊甋甌甎甐甔甖甛甝甞甤甧甮甶甹甼甽甿畁畂畃畄畆畇畉畐畒畓畕畗畘畟畡畣畮畱畳畵畺畽疅疈疉疊疌疒疓疕疘疛疜疞疢疦疧疨疩疷疺疻疿痁痃痆痏痑痓痗痙痜痥痮痯痶痸痻痽瘂瘃瘄瘍瘣瘥瘭瘱瘶瘻癄癅癆癏癐癒癓癘癛癟癠癢癤癦癩癪癬癭癰癲癴癵癷発皀皃皅皉皌皍皏皐皔皗皚皛皜皫皭皶皸皺盀盁盃盄盇盋盓盕盙盚盜盞盠盢盤盭盰盳盵盶盷盺盽盿眂眃眅眆県眎眏眒眕眖眗眞眡眣眤眧眪眫眱眲眾睂睈睊睋睎睒睓睔睕睗睝睞睠睤睧睩睭睯睰睲睴睸睻睼瞁瞂瞃瞉瞊瞐瞔瞕瞖瞗瞘瞙瞛瞜瞝瞞瞣瞤瞨瞫瞯瞱瞲瞴瞷瞸瞹矂矃矄矅矆矈矋矎矏矐矒矔矕矚矠矤矦矨矪矯矰矲矵矷矹矺砃砄砈砎砏砐砓砛砞砡砢砤砨砯砱砳砶砿硂硄硆硈硉硊硍硏硑硓硘硛硜硟硡硢硣硤硨硯硰硱硲硳硴硵硹硺硽碀碃碄碅碆碈碊碋碐碒碖碙碝碠碢碤碥碦碨碪碬碭碮碯碵碶碷碸確碼碽碿磀磂磄磆磇磈磌磍磎磏磑磓磗磘磚磛磜磞磟磢磣磤磦磧磩磪磫磮磯磰磳磵磸磽磿礀礃礄礆礈礉礍礎礏礐礑礒礔礕礖礗礘礚礛礜礟礡礢礣礥礦礧礨礪礫礬礭礯礰礱礳礵礶礷礸礹礿祄祊祌祍祑祕祘祙祡祤祮祱祶禃禇禈禉禍禎禑禒禓禔禗禘禙禚禜禝禞禟禡禢禣禤禪禫禬禭禯禱禲禴禶禷禸禼禿秂秄秇秈秊秌秎秐秓秔秖秚秛秜秝秞秠秡秢秥秨秪秬秲秳秵秶秿稁稄稅稆稇稈稉稏稐稑稓稕稖稘稙稝稟稡稢稤稥稦稨稩稪稫稬稭種稯稰稲稴稵稺穁穂穃穈穊穌積穎穏穐穒穓穔穕穖穘穙穚穛穝穞穟穡穢穣穤穥穦穧穩穪穫穮穯穱穲穳穵穾窂窅窉窊窌窏窐窔窙窚窤窧窩窪窫窮窯窰窱窲窴窵窶窷窺窼窽竀竁竂竄竅竇竉竌竍竎竏竐竒竓竔竕竗竚竛竜竡竢竤竧竨竩竪竬竮竰竱竲笒笗笝笰笲笴笵笶笷笹笻笽笿筀筁筂筃筄筍筓筕筗筙筞筡筣筤筥筧筪筬筭筯筸筺筿箂箃箄箆箈箉箊箋箌箚箛箳箵箺箽箿篅篈築篊篋篍篎篏篐篒篕篖篗篛篜篞篟篠篢篣篤篧篨篩篫篬篭篰篳篵篶篸篹篺篻篽篿簀簁簂簄簅簆簈簉簊簍簎簐簒簓簔簕簗簘簜簫簴簶簼籃籄籅籈籉籊籋籌籎籏籐籑籒籖籘籛籜籞籟籠籡籢籣籦籧籨籩籪籫籬籭籮籯籱籵籶籷籸籺籾籿粀粁粃粄粅粆粇粋粚粿糀糂糃糄糆糉糋糎糏糐糑糒糓糔糘糚糛糝糞糡糤糥糦糧糩糪糫糬糭糮糰糱糳糴糶糷糹糼糽糾糿紂紃約紇紈紉紋紌紎紏紐紖紘紥紷紸紹紺紻紼紽紾紿終組絅絆絇絉絊経絎絑絓絔絖絗絘絚絝絞絟絠絡絢絣絤絥絨絬絭絰絳絴絵絸絹絻絼絽絿綀綁綂綄綌綐綕綗継綛綜綞綟綠綡綢綣綤綥綧綨綩綪綫綬綯綰綳綴綶綸綹綺綻綼綽綾綿緀緁緂緃緄緅緆緇緈緉緊緋緍緎総緑緓緔緕緖緘緙締緧緮緯緺緻緼緽緾緿縀縁縂縃縄縅縆縇縈縋縏縐縑縒縓縔縘縙縚縛縜縝縞縟縡縣縤縥縨縩縪縫縬縭縮縰縱縲縳縵縶縷縸繅繏繒繗繞繟繠繡繢繣繤繥繦繧繨繩繪繫繭繮繰繱繳繴繵繶繷繹繺繻繽繾繿纀纁纃纄纅纆纈纉纊纋纏纐纑纒纓纕纖纗纙纜纝纞纴纼绖绬缞缷缹缻缽缾缿罀罁罃罆罇罈罊罋罌罎罏罒罓罖罙罛罜罞罠罤罥罦罧罫罬罭罯罰罳罵罶罸罺罻羀羂羃羄羈羉羏羐羒羗羘羙羜羠羢羥羦羨羫羬羭羮羴羵羷羺羻羾翆翇翍翏翐翓翖翗翙翜翝翞翢翤翧翨翪翭翯翲翴翵翶翷翸翹翺翽翾翿耇耈耉耎耏耔耚耛耝耞耟耤耥耫耬耭耮耯耲耴耹耺耼耾聁聅聇聈聉聎聏聐聑聓聕聖聗聙聜聝聞聟聠聡聥聦聧聨聫聬聭聮聰聲聳聴聵聶聸聹聺聻聼聽聾肁肂肅肈肊肍肎肏肑肒肔肕肗肣肧肨肰肳肵肶肹肻胅胇胉胊胋胏胐胑胒胓胕胘胟胢胣胦胮胲胷胹胻胿脀脄脅脇脈脕脗脙脛脜脝脟脠脡脢脦脨脪脫脭脮脳脴脵脶脷脹脺脻脼脽脿腀腁腃腅腇腍腎腏腒腖腛腜腞腟腢腣腤腨腪腬腲腳腵腶腸膁膃膄膇膉膋膍膎膐膓膔膕膖膗膚膟膠膡膢膣膤膧膩膫膬膮膯膰膱膶膷膸膹膼膽膾膿臄臅臈臉臋臍臎臏臐臒臓臔臕臖臗臘臙臚臛臝臟臠臤臥臦臨臩臫臯臰臱臲臵臶臷臸臹舊舎舏舑舕舗舘舙舚舝舠舤舦舧舩舮舼舽舿艀艁艂艃艅艆艈艊艎艐艑艒艓艕艖艗艙艛艜艝艞艠艡艢艣艤艥艦艧艩艪艫艬艭艱艵艶艷艸艻艼芀芁芃芅芆芇芌芐芔芕芖芚芛芞芢芧芶芻芼芿苀苂苃苅苆苉苐苙苚苝苠苧苨苩苪苬苮苲苳苵苶苼苿茀茊茋茍茒茖茘茙茟茠茡茢茣茥茩茪茮茰茲茷茻茽茾茿荁荂荄荅荊荋荌荍荎荓荕荗荘荢荭荮荱荲荳荴荵荶荹荺荾荿莀莁莂莃莄莇莈莊莌莍莏莐莑莔莕莖莗莚莟莡莢莤莥莦莬莭莯莵莻莾莿菄菆菈菐菒菕菗菙菚菛菞菢菣菤菦菧菨菫菬菭菮華菳菵菶菷菺菿萀萂萅萇萈萉萊萓萔萕萖萗萙萚萛萞萟萠萡萢萪萫萭萮萯萰萲萳萴萶萺萻萾萿葁葂葃葄葅葈葊葋葌葍葏葐葒葓葔葕葘葝葞葠葢葤葥葦葨葪葮葰葲葷葻葼葽葾葿蒁蒃蒄蒅蒆蒇蒈蒊蒏蒑蒒蒓蒔蒘蒚蒛蒝蒞蒠蒣蒤蒥蒦蒧蒬蒮蒰蒳蒵蒶蓀蓃蓅蓆蓈蓌蓒蓔蓗蓘蓙蓚蓛蓜蓞蓡蓢蓤蓪蓫蓭蓮蓯蓱蓲蓳蓴蓵蓶蓷蓸蓹蓻蓽蓾蔁蔂蔃蔄蔅蔆蔇蔈蔉蔋蔍蔎蔏蔐蔒蔖蔘蔙蔜蔝蔞蔠蔢蔤蔥蔦蔧蔩蔮蔯蔰蔱蔲蔳蔴蔶蔾蔿蕀蕂蕄蕅蕆蕇蕋蕌蕎蕏蕐蕑蕒蕔蕕蕗蕘蕚蕛蕜蕝蕟蕠蕡蕢蕣蕥蕦蕧蕩蕪蕭蕮蕯蕰蕱蕳蕵蕶蕷蕸蕼蕽蕿薀薁薂薃薆薉薊薋薌薍薎薐薒薓薕薖薘薚薝薞薠薣薦薧薩薬薭薱薲薴薵薶薺薻薼薿藀藃藄藅藆藇藈藊藍藎藑藒藔藖藗藘藙藚藝藞藟藡藢藣藧藪藫藬藭藮藯藰藱藲藳藴藵藶藸藹藺藼藽藾蘀蘁蘂蘃蘄蘇蘈蘉蘊蘌蘎蘐蘒蘓蘔蘕蘚蘛蘜蘞蘟蘡蘢蘣蘤蘥蘦蘪蘫蘬蘮蘯蘰蘱蘲蘳蘴蘵蘶蘷蘹蘺蘻蘽蘾蘿虂虃虄虅虆虇虈虉虊虋虌虍虒處虖虗虙虜虝號虡虣虤虥虦虧虨虪虭虯虰虲虳虴虶虷虸蚄蚅蚆蚈蚉蚎蚏蚒蚔蚗蚘蚙蚛蚞蚟蚭蚮蚲蚷蚸蚻蚼蚽蚾蚿蛁蛂蛅蛈蛌蛍蛕蛗蛚蛝蛠蛢蛣蛥蛦蛧蛨蛫蛯蛵蛶蛷蛺蛼蛽蛿蜁蜄蜅蜆蜌蜏蜐蜔蜖蜙蜝蜟蜠蜤蜦蜧蜨蜪蜫蜬蜭蜯蜲蜳蜵蜶蜸蜼蝁蝂蝃蝄蝅蝆蝊蝋蝍蝏蝐蝑蝒蝔蝖蝘蝚蝛蝜蝝蝞蝡蝢蝦蝧蝩蝫蝬蝭蝯蝳蝵蝷蝸蝹蝺蝿螀螁螄螆螉螊螌螎螏螑螔螕螖螙螚螜螝螞螡螣螤螥螦螧螩螪螮螰螴螶螷螸螹螻蟂蟃蟄蟅蟇蟈蟉蟌蟍蟎蟏蟐蟓蟔蟖蟗蟙蟞蟡蟣蟤蟧蟨蟩蟫蟬蟯蟱蟳蟴蟵蟶蟺蟻蟽蟿蠁蠂蠄蠅蠆蠇蠈蠉蠌蠍蠏蠐蠑蠒蠗蠘蠚蠜蠝蠞蠟蠣蠤蠥蠦蠧蠨蠩蠪蠫蠬蠭蠮蠯蠰蠱蠳蠶蠷蠸蠺蠻蠽蠾蠿衂衃衇衈衉衋衐衑衘衛衜衝衞衟衧衪衭衱衳衴衵衶衸衹衺衻衼袀袃袇袉袌袎袏袐袑袔袗袘袙袚袛袟袠袡袣袥袦袧袨袩袬袮袯袰袳袵袶袸袹袺袻袽袿裄裊裋裌裍裐裑裓裖裗裞裠裦裧裪裫裬裭裮裲裵裶裷裺裻製褁褄褅褆褈褉褋褍褏褑褕褗褘褜褞褣褤褦褨褩褬褮褯褲褷褸褹褺褻褼褽褾褿襂襃襅襆襇襈襉襊襋襍襎襏襐襑襒襓襔襖襗襘襙襚襠襡襢襣襥襧襩襫襭襮襯襰襱襳襴襵襶襷襸襹襺襽襾覀覂覄覅覉見覌覍覎規覐覑覒覓覔覕視覗覘覙覚覛覜覝覞覟覠覡覢覣覥覦覧覨覫覬覭覮覯覱観覴覵覶覸覹覺覼覽覾覿觀觃觍觓觕觖觗觘觙觟觠觡觢觤觧觨觩觪觭觮觰觲觴觵觶觷觸觹觻觼觽觾訁訂訃訅訆計訊訋訌訍討訏訐訒訓訔訕訖託訙訛訜訝訞訟訠訡訣訤訥訦訧訨訩訪設訮訯訰訲訵訶訸訹診註証訽訿詂詃詄詇詉詊詌詍詏詐詑詒詓詔評詖詗詘詙詚詛詜詞詠詡詢詣詤詥試詧詪詫詬詭詯詰話該詳詴詵詶詷詸詺詻詼詽詾詿誀誁誂誃誄誅誆誇誈誋誌認誎誏誐誑誒誔誕誖誗誘誙誚誛誝語誟誠誡誢誣誤誥誦誧誨誩誫説読誮誱課誳誴誵誶誷誸誺誻誼誽誾調諀諁諃諄諆談諈諉諊諌諍諏諐諑諒諓諔諕論諗諘諙諚諜諝諞諟諢諣諤諥諦諧諨諩諪諫諬諭諮諯諰諱諳諴諵諶諸諹諺諻諼諽諾諿謀謁謂謄謅謈謉謊謋謌謍謎謏謐謑謓謔謕謖謗謘謙謚謜謝謞謟謠謢謣謥謧謨謪謫謬謮謯謰謱謲謳謴謵謶謸謹謺謻謼謽謾謿譀譁譂譃譄譅譇譈譊譋譌譍譏譐譑譒譓譖譗譛譜譝譠譡譢譣譤譧譨譪譫譮譯譱譲譳譴譵譶護譸譹譻譼譽譿讀讁讂讃讄讅讆讇讈讋讌讍讎讏讐讑讓讔讕讖讗讘讙讚讛讜讝讞讟讱讻诇谉谸谺谼谽谾豂豃豄豅豈豋豍豎豏豑豒豓豔豖豗豘豙豛豜豠豣豤豥豦豧豩豭豮豯豰豱豲豵豶豷豻豼豾豿貁貃貄貆貈貋貏貐貑貓貕貖貗貙貚貛貝貟負貢貣貦貨販貪責貭貮貯貰貱貲貳貴貵貶買貸貹貺貽貾貿賀賂賃賄賅賆賈賉賊賋賌賎賏賐賑賒賓賔賕賖賗賘賙賚賜賝賞賟賠賡賢賣賤賥賦賧賩質賫賭賮賯賰賱賲賳賴賵賶賷賸賹賺賻賽賾賿贀贁贂贃贄贅贆贈贉贋贍贎贐贑贒贓贕贖贗贘贙贚贛贜贠赗赨赩赮赯赱赲赸赹赺赼赽赿趀趂趃趇趈趉趌趍趏趐趒趓趕趖趗趘趚趛趜趝趞趠趡趢趤趥趦趧趨趩趪趫趬趭趯趰趲趶趹趻趽跀跁跇跈跉跊跍跐跒跓跔跕跘跙跜跠跢跥跦跭跮跰跲跴跾跿踀踂踃踇踈踋踍踎踐踑踓踗踘踙踛踤踨踫踭踴踶踷踸踻踼踾踿蹃蹆蹌蹍蹎蹔蹕蹖蹗蹘蹛蹜蹝蹞蹢蹣蹤蹥蹨蹪蹮蹳蹵蹷蹸蹹蹺躀躃躆躈躉躊躋躌躎躑躒躓躕躗躙躚躛躝躠躢躣躤躥躨躩躪躮躰躳躴躵躶躸躹躼躽躾躿軀軁軄軅軇軈軉軌軐軑軒軔軕軖軗軘軙軚軛軜軝軞軟軡転軣軤軥軦軧軨軩軪軫軬軭軮軯軰軱軲軳軵軷軸軺軻軼軽軾軿輀輁較輄輅輆輇載輊輋輌輍輎輏輐輑輒輓輔輕輖輗輘輙輚輛輜輝輞輟輠輡輢輤輥輦輧輩輪輫輬輭輮輰輱輲輴輵輷輸輹輺輻輼輽輾輿轀轁轃轄轅轆轇轈轊轋轌轍轎轏轐轒轔轕轖轗轙轚轜轝轞轟轡轢轤轥轪轷辀辁辌辒辝辠辡辢辤辥辪辭辮辯農辳辴辵辷辸辺辻込辿迀迃迉迊迌迏迖迗迚迡迣迧迬迱迲迵迶迼迿逇逈逌逓逕逘逜逤逥逨逩逪逫逬逰週逳逷逹逺逽遀遃遅遆遈遉運遌遖遙遚遜遞遟遡遤遦遧遪遫遰遱遲遳遶遷遻遾還邇邉邊邌邍邎邏邐邒邔邜邞邟邤邥邧邫邭邷邼邿郀郂郆郈郉郋郌郍郒郔郖郘郙郚郟郣郥郩郬郮郰郱郲郳郵郶郹郺郻郼鄁鄆鄇鄈鄉鄊鄋鄌鄍鄎鄑鄒鄓鄔鄕鄖鄛鄝鄟鄥鄦鄧鄨鄪鄬鄭鄰鄲鄳鄵鄶鄸鄺鄻鄽鄾鄿酀酁酄酅酇酈酏酑酓酔酘酙酛酜酟酠酦酨酭酳酼醀醁醂醃醆醊醏醓醔醖醗醘醙醝醞醟醥醦醧醩醬醱醳醶醷醸醹醻醽醾醿釀釁釂釃釄釅釆釋釒釓釔釕釖釗釘釙釛針釞釟釠釡釢釣釤釥釧釨釩釫釬釮釯釰釲釳釴釵釶釷釸釹釺釻釽釾鈀鈁鈂鈃鈄鈅鈆鈉鈊鈌鈍鈎鈏鈐鈑鈓鈔鈕鈖鈗鈘鈙鈜鈝鈞鈟鈠鈡鈢鈣鈦鈧鈨鈩鈫鈬鈭鈮鈯鈱鈲鈳鈵鈷鈸鈹鈺鈻鈼鈽鈾鈿鉀鉁鉂鉃鉄鉆鉇鉈鉉鉊鉋鉌鉍鉎鉐鉑鉒鉓鉕鉖鉗鉘鉚鉛鉜鉝鉞鉟鉡鉣鉦鉪鉫鉬鉭鉮鉯鉰鉱鉳鉵鉶鉸鉹鉺鉼鉽鉾鉿銁銂銄銅銇銈銉銋銌銍銏銑銒銓銔銕銖銗銘銚銛銜銝銞銟銠銡銢銣銤銥銦銧銨銩銪銫銬銭銯銰銱銳銴銵銸銹銺銽鋀鋂鋃鋄鋅鋇鋉鋊鋋鋌鋍鋎鋏鋑鋒鋓鋔鋖鋗鋙鋛鋜鋝鋞鋟鋠鋡鋢鋣鋤鋥鋦鋧鋨鋩鋪鋫鋭鋮鋯鋰鋲鋳鋴鋵鋶鋷鋸鋺鋻鋼鋾鋿錀錁錂錃錄錅錆錇錈錉錊錋錌錍錎錐錑錒錓錔錕錖錗錙錚錛錜錟錠錢錣錤錥錦錨錩錪錫錭錮錰錳錴錵錷錸錹錺錼錽錿鍀鍁鍃鍄鍆鍇鍈鍭鍮鍯鍰鍲鍳鍴鍵鍶鍷鍸鍹鍺鍻鍽鎂鎃鎄鎅鎆鎇鎊鎋鎍鎐鎕鎖鎘鎙鎜鎟鎠鎢鎣鎤鎥鎦鎧鎨鎪鎫鏎鏏鏑鏒鏓鏔鏕鏗鏘鏙鏚鏛鏜鏝鏞鏟鏠鏡鏢鏣鏤鏥鏦鏧鏨鏩鏪鏫鏭鏰鏲鏳鏵鏶鏷鏹鏺鏻鏼鏽鏾鐁鐂鐃鐅鐆鐈鐉鐊鐋鐌鐛鐯鐰鐱鐲鐳鐴鐷鐸鐹鐺鐻鐼鐽鐿鑀鑁鑂鑃鑄鑆鑇鑈鑌鑎鑏鑑鑒鑓鑔鑕鑖鑗鑘鑙鑚鑛鑝鑟鑠鑡鑢鑣鑥鑦鑧鑩鑪鑬鑭鑮鑯钸铘锳锽镙镚镮镸镹镻镼镽镾閁閂閃閄閅閇閈閊閌閍閎閐閔閕閖閗閙閛閝閞閠閡関閨閩閪閳閵閶閷閸閹閻閼闁闋闌闍闎闏闐闑闒闓闔闕闖闗闘闙闚闛闝闞闡闢闣闤闥闦闧阞阣阤阥阦阧阩阫阭阰阷阸阹阺阾陃陊陎陏陑陒陓陖陘陚陜陝陠陥陦陫陭陮陱陸陹険陻陾陿隀隁隂隃隇隉隊隌階隑隒隕隖隚際隝隟隠隡隢隣隤隥隦隩險隫隬隮隯隱隲隴隵隸隺隻隿雂雃雈雊雋雐雑雔雖雗雚雛雜雝雞雤雥雦雧雫雬雭雰雴雵雸雺雽雿霂霊霋霌霐霒霔霕霗霘霙霚霛霝霟霠霡霢霥霦霧霬霮霯霱霴霵霶霷霻霼霽靀靁靂靃靄靅靇靈靋靌靍靎靏靐靑靔靕靗靘靚靝靟靤靧靨靪靫靭靮靯靰靱靲靵靷靻靽靾鞂鞃鞄鞆鞇鞉鞊鞌鞎鞐鞕鞖鞙鞛鞜鞝鞟鞡鞢鞤鞥鞩鞪鞰鞱鞵鞷鞺鞼鞽鞾韀韃韄韅韆韇韉韊韋韌韍韎韏韐韑韒韓韔韖韙韚韛韝韞韟韠韢韤韨韮韯韰韱韲韴韷韸韺韻韼韾響頀頁頄順頇頉頊頋頌頍頎頏頒頓頔頕頖頗頙頚頛頜頝頟頡頣頥頦頨頩頪頮頯頰頱頲頳頴頶頸頹頺頻頼頽頾頿顀顁顂顄顇顈顉顋額顎顏顐顑顓顕顙顚顛顜顝顟顡顢顤顥顦顧顨顩顪顫顬顭顮顰顱顲顳顴颒颕颩颪颫颬颮颰颲颴颵颶颷颸颹颻颽颾飀飁飂飃飅飇飈飉飋飌飍飔飛飜飢飣飥飦飩飫飬飭飮飯飰飱飳飵飶飷飸飹飺飻飽飾飿餀餁餃餄餅餆餇餈餉養餋餌餎餏餑餒餓餕餖餙餚餛餜餟餡餣餤餥餦館餩餪餫餭餯餰餱餲餳餴餵餶餷餸餹餺餻餼餾餿饀饁饂饃饅饆饇饈饊饋饌饍饎饏饑饒饓饖饗饙饚饜饝饞饟饠饡饢饦饳饻馉馎馚馛馜馝馞馟馠馡馢馣馤馦馧馩馪馫馬馭馮馯馰馱馲馳馴馵馶馸馹馺馻馼馽馾駀駂駄駅駆駈駊駋駌駍駎駏駐駑駒駓駖駗駘駙駚駜駝駞駟駠駡駢駣駥駦駧駨駩駪駫駭駯駱駲駳駴駵駶駷駸駺駻駼駽駾駿騀騁騅騆騇騈騉騋騌騎騏騐騒験騔騖騘騙騚騛騜騝騞騡騣騤騥騦騧騨騩騪騫騬騭騮騯騱騲騳騴騵騶騷騸騹騻騼騽騾騿驀驁驂驃驄驅驆驇驈驉驊驋驌驏驐驑驒驓驔驕驖驗驘驙驚驛驜驝驞驟驠驡驢驣驤驥驦驧驨驪骉骔骩骪骫骬骭骳骴骵骹骽骾骿髄髆髇髈髉髊髍髏髐髒髕髖髗髚髛髜髠髢髣髤髥髧髨髩髪髱髲髴髵髶髷髸髺髾髿鬀鬁鬂鬄鬆鬇鬉鬊鬋鬌鬍鬎鬑鬒鬔鬕鬖鬗鬙鬚鬛鬜鬝鬞鬠鬢鬤鬦鬧鬪鬫鬭鬮鬱鬳鬷鬸鬹鬺鬿魋魌魒魓魕魖魗魘魙魛魝魞魠魡魢魤魥魧魨魩魪魫魬魭魮魯魱魲魳魴魵魶魷魸魹魺魻魼魽魾魿鮁鮂鮃鮅鮆鮇鮉鮍鮎鮏鮐鮑鮒鮓鮔鮕鮖鮗鮘鮙鮚鮜鮞鮡鮢鮥鮦鮧鮩鮪鮫鮬鮭鮮鮯鮰鮱鮲鮳鮴鮵鮶鮷鮸鮹鮼鮽鮾鮿鯀鯁鯂鯃鯄鯅鯆鯇鯉鯊鯋鯌鯍鯎鯏鯐鯑鯓鯔鯕鯖鯗鯘鯙鯚鯛鯜鯝鯞鯟鯠鯡鯢鯣鯤鯥鯦鯧鯨鯩鯫鯬鯮鯰鯱鯲鯳鯴鯶鯸鯹鯻鯽鯿鰀鰂鰄鰅鰆鰇鰈鰉鰊鰋鰌鰍鰎鰑鰒鰓鰔鰖鰗鰘鰙鰚鰜鰝鰞鰟鰠鰡鰢鰣鰤鰥鰦鰧鰨鰩鰪鰫鰬鰭鰮鰰鰲鰳鰴鰵鰷鰸鰹鰺鰻鰼鰽鰿鱁鱃鱄鱅鱆鱈鱉鱋鱌鱍鱎鱐鱒鱔鱕鱖鱘鱙鱛鱜鱝鱞鱟鱠鱢鱣鱦鱧鱨鱪鱫鱬鱭鱮鱯鱰鱱鱲鱳鱴鱶鱷鱸鱹鱻鱾鲄鲓鲗鲘鲬鲯鳆鳈鳠鳤鳥鳧鳨鳩鳪鳫鳬鳭鳮鳯鳰鳱鳲鳳鳵鳸鳹鳺鳻鳼鳽鳿鴀鴁鴄鴅鴆鴇鴈鴉鴊鴋鴌鴍鴎鴑鴓鴔鴕鴖鴘鴚鴛鴜鴝鴟鴠鴣鴤鴥鴦鴧鴨鴩鴫鴬鴮鴯鴰鴱鴲鴳鴵鴶鴸鴹鴺鴻鴼鴽鴾鴿鵀鵁鵂鵃鵄鵅鵆鵇鵈鵉鵊鵋鵌鵍鵎鵑鵒鵓鵔鵕鵗鵘鵙鵛鵜鵝鵟鵠鵡鵢鵤鵥鵦鵧鵨鵪鵫鵬鵭鵮鵯鵱鵲鵳鵴鵵鵶鵷鵸鵹鵺鵻鵼鵾鵿鶀鶁鶂鶃鶄鶅鶆鶇鶈鶉鶋鶌鶍鶎鶏鶐鶓鶔鶕鶖鶘鶙鶚鶛鶜鶝鶞鶟鶠鶡鶢鶣鶤鶥鶦鶧鶨鶩鶪鶫鶬鶭鶮鶯鶰鶲鶳鶵鶶鶷鶸鶻鶼鶽鶾鷀鷂鷄鷅鷆鷊鷌鷍鷎鷏鷐鷑鷒鷔鷕鷖鷗鷘鷙鷚鷛鷜鷝鷞鷠鷡鷢鷣鷤鷥鷦鷧鷨鷩鷪鷫鷬鷮鷰鷱鷲鷳鷴鷵鷷鷸鷹鷺鷻鷼鷽鷾鷿鸀鸁鸃鸄鸅鸆鸇鸈鸉鸋鸌鸍鸎鸏鸐鸒鸕鸖鸗鸘鸙鸚鸧鸴鸼鹒鹔鹙鹝鹴鹵鹶鹷鹸鹺鹻鹽麀麁麃麄麆麉麊麌麍麎麏麔麗麘麙麚麛麠麡麢麤麧麨麪麫麬麭麮麯麱麲麳麶麷麺黀黁黂黆黇黈黊黋黌黓黕黖黗黣黤黦黨黫黬黭黰黱黲黳黴黶黷黸黽黿鼀鼁鼃鼄鼅鼆鼈鼉鼊鼌鼏鼑鼒鼔鼖鼘鼚鼛鼜鼝鼞鼟鼡鼣鼤鼥鼦鼧鼨鼫鼭鼮鼰鼳鼵鼶鼺鼼鼽鼿齀齂齃齅齈齊齏齒齓齔齕齖齗齘齚齜齝齞齟齠齢齤齥齦齨齩齪齫齬齭齮齯齰齱齲齳齴齵齶齷齺齻齼齽齾龂龍龎龏龐龑龒龓龖龗龘龝龞龡龣龤龥龪龬龰龵龻鿃鿄鿇鿌鿍鿎鿏鿔鿕鿫鿬鿭鿰鿱鿲鿳鿴鿵鿶鿷鿸鿹鿺鿻鿼鿾鿿
